Workbook

Sheet INDEX
B3: NAME | C3: ANURAG KUMAR
B4: Roll No. | C4: 25PGDMFM012
B5: College Name | C5: FIIB
B6: Company Name | C6: HDFC Life

Sheet RSI
B1: PRIVATE BANKS
B3: BUY | H3: SELL
B4: Q1 | H4: Q1
B5: SYMBOL | C5: BACKTEST P&L | D5: TOTAL NUMBER OF TRADES | E5: NUMBER OF WINS | F5: NUMBER OF LOSSES | H5: SYMBOL | I5: BACKTEST P&L | J5: TOTAL NUMBER OF TRADES | K5: NUMBER OF WINS | L5: NUMBER OF LOSSES
B6: HDFC BANK | C6: -666.9 | D6: 29 | E6: 13 | F6: =D6-E6 -> 16 | H6: HDFC BANK | I6: -297.85 | J6: 47 | K6: 26 | L6: =J6-K6 -> 21
B7: AXIS BANK | C7: 1022.96 | D7: 41 | E7: 20 | F7: =D7-E7 -> 21 | H7: AXIS BANK | I7: 63.94 | J7: 50 | K7: 26 | L7: =J7-K7 -> 24
B8: KOTAKBANK | C8: 1037.6 | D8: 39 | E8: 20 | F8: =D8-E8 -> 19 | H8: KOTAKBANK | I8: 250.29 | J8: 40 | K8: 23 | L8: =J8-K8 -> 17
B9: YES BANK | C9: 44.98 | D9: 41 | E9: 16 | F9: =D9-E9 -> 25 | H9: YES BANK | I9: 304.58 | J9: 50 | K9: 21 | L9: =J9-K9 -> 29
B10: AUB BANK | C10: -327.45 | D10: 33 | E10: 12 | F10: =D10-E10 -> 21 | H10: AUB BANK | I10: -1483.1 | J10: 57 | K10: 24 | L10: =J10-K10 -> 33
B11: INDUSINDBK | C11: 233.6 | D11: 36 | E11: 14 | F11: =D11-E11 -> 22 | H11: INDUSINDBK | I11: 892.9 | J11: 49 | K11: 23 | L11: =J11-K11 -> 26
B12: ICICI BANK | C12: 267.25 | D12: 34 | E12: 18 | F12: =D12-E12 -> 16 | H12: ICICI BANK | I12: 285.45 | J12: 42 | K12: 24 | L12: =J12-K12 -> 18
B13: IDFCFIRSTB | C13: 606.15 | D13: 36 | E13: 19 | F13: =D13-E13 -> 17 | H13: IDFCFIRSTB | I13: -1019.94 | J13: 51 | K13: 24 | L13: =J13-K13 -> 27
B14: BANKBARODA | C14: -1191.36 | D14: 38 | E14: 15 | F14: =D14-E14 -> 23 | H14: BANKBARODA | I14: -486.61 | J14: 49 | K14: 21 | L14: =J14-K14 -> 28
B15: UNIONBANK | C15: 575.86 | D15: 37 | E15: 17 | F15: =D15-E15 -> 20 | H15: UNIONBANK | I15: -493.67 | J15: 58 | K15: 27 | L15: =J15-K15 -> 31
B16: FEDERAL BANK | C16: 734.6 | D16: 43 | E16: 21 | F16: =D16-E16 -> 22 | H16: FEDERAL BANK | I16: 581.93 | J16: 54 | K16: 27 | L16: =J16-K16 -> 27
D17: =SUM(D6:D16) -> 407 | E17: =SUM(E6:E16) -> 185 | F17: =SUM(F6:F16) -> 222 | J17: =SUM(J6:J16) -> 547 | K17: =SUM(K6:K16) -> 266 | L17: =SUM(L6:L16) -> 281
B18: Q2 | H18: Q2
B19: SYMBOL | C19: BACKTEST P&L | D19: TOTAL NUMBER OF TRADES | E19: NUMBER OF WINS | F19: NUMBER OF LOSSES | H19: SYMBOL | I19: BACKTEST P&L | J19: TOTAL NUMBER OF TRADES | K19: NUMBER OF WINS | L19: NUMBER OF LOSSES
B20: HDFC BANK | C20: -312.4 | D20: 39 | E20: 15 | F20: =D20-E20 -> 24 | H20: HDFC BANK | I20: 66.5 | J20: 31 | K20: 20 | L20: =J20-K20 -> 11
B21: AXIS BANK | C21: 90.35 | D21: 38 | E21: 21 | F21: =D21-E21 -> 17 | H21: AXIS BANK | I21: 986.35 | J21: 36 | K21: 22 | L21: =J21-K21 -> 14
B22: KOTAKBANK | C22: -470 | D22: 39 | E22: 17 | F22: =D22-E22 -> 22 | H22: KOTAKBANK | I22: 1345.65 | J22: 36 | K22: 22 | L22: =J22-K22 -> 14
B23: YES BANK | C23: 310.31 | D23: 40 | E23: 20 | F23: =D23-E23 -> 20 | H23: YES BANK | I23: 546.75 | J23: 47 | K23: 27 | L23: =J23-K23 -> 20
B24: AUB BANK | C24: -221.4 | D24: 56 | E24: 22 | F24: =D24-E24 -> 34 | H24: AUB BANK | I24: 243.15 | J24: 47 | K24: 21 | L24: =J24-K24 -> 26
B25: INDUSINDBK | C25: -854.15 | D25: 54 | E25: 20 | F25: =D25-E25 -> 34 | H25: INDUSINDBK | I25: 1451.05 | J25: 38 | K25: 22 | L25: =J25-K25 -> 16
B26: ICICI BANK | C26: 470.85 | D26: 37 | E26: 21 | F26: =D26-E26 -> 16 | H26: ICICI BANK | I26: 553.25 | J26: 32 | K26: 20 | L26: =J26-K26 -> 12
B27: IDFCFIRSTB | C27: -1052.69 | D27: 52 | E27: 19 | F27: =D27-E27 -> 33 | H27: IDFCFIRSTB | I27: 1408.1 | J27: 34 | K27: 19 | L27: =J27-K27 -> 15
B28: BANKBARODA | C28: -674.23 | D28: 45 | E28: 18 | F28: =D28-E28 -> 27 | H28: BANKBARODA | I28: -61.87 | J28: 52 | K28: 23 | L28: =J28-K28 -> 29
B29: UNIONBANK | C29: 334.65 | D29: 43 | E29: 19 | F29: =D29-E29 -> 24 | H29: UNIONBANK | I29: 26.13 | J29: 50 | K29: 19 | L29: =J29-K29 -> 31
B30: FEDERAL BANK | C30: -1622.52 | D30: 43 | E30: 14 | F30: =D30-E30 -> 29 | H30: FEDERAL BANK | I30: 227.4 | J30: 29 | K30: 17 | L30: =J30-K30 -> 12
D31: =SUM(D20:D30) -> 486 | E31: =SUM(E20:E30) -> 206 | F31: =SUM(F20:F30) -> 280 | J31: =SUM(J20:J30) -> 432 | K31: =SUM(K20:K30) -> 232 | L31: =SUM(L20:L30) -> 200
B32: Q3 | H32: Q3
B33: SYMBOL | C33: BACKTEST P&L | D33: TOTAL NUMBER OF TRADES | E33: NUMBER OF WINS | F33: NUMBER OF LOSSES | H33: SYMBOL | I33: BACKTEST P&L | J33: TOTAL NUMBER OF TRADES | K33: NUMBER OF WINS | L33: NUMBER OF LOSSES
B34: HDFC BANK | C34: 392.85 | D34: 33 | E34: 22 | F34: =D34-E34 -> 11 | H34: HDFC BANK | I34: 146.25 | J34: 34 | K34: 20 | L34: =J34-K34 -> 14
B35: AXIS BANK | C35: -499.04 | D35: 31 | E35: 15 | F35: =D35-E35 -> 16 | H35: AXIS BANK | I35: -277.5 | J35: 43 | K35: 22 | L35: =J35-K35 -> 21
B36: KOTAKBANK | C36: 520.7 | D36: 31 | E36: 13 | F36: =D36-E36 -> 18 | H36: KOTAKBANK | I36: 326.1 | J36: 43 | K36: 25 | L36: =J36-K36 -> 18
B37: YES BANK | C37: -1580.8 | D37: 49 | E37: 21 | F37: =D37-E37 -> 28 | H37: YES BANK | I37: 805.21 | J37: 41 | K37: 24 | L37: =J37-K37 -> 17
B38: AUB BANK | C38: 1157.35 | D38: 35 | E38: 19 | F38: =D38-E38 -> 16 | H38: AUB BANK | I38: -860.05 | J38: 53 | K38: 24 | L38: =J38-K38 -> 29
B39: INDUSINDBK | C39: 973.55 | D39: 38 | E39: 20 | F39: =D39-E39 -> 18 | H39: INDUSINDBK | I39: -1748.9 | J39: 47 | K39: 19 | L39: =J39-K39 -> 28
B40: ICICI BANK | C40: -902.29 | D40: 38 | E40: 19 | F40: =D40-E40 -> 19 | H40: ICICI BANK | I40: -1065.9 | J40: 31 | K40: 14 | L40: =J40-K40 -> 17
B41: IDFCFIRSTB | C41: 665.99 | D41: 33 | E41: 18 | F41: =D41-E41 -> 15 | H41: IDFCFIRSTB | I41: -1853.97 | J41: 49 | K41: 18 | L41: =J41-K41 -> 31
B42: BANKBARODA | C42: 505.65 | D42: 45 | E42: 21 | F42: =D42-E42 -> 24 | H42: BANKBARODA | I42: -1596 | J42: 49 | K42: 20 | L42: =J42-K42 -> 29
B43: UNIONBANK | C43: 1072.2 | D43: 35 | E43: 21 | F43: =D43-E43 -> 14 | H43: UNIONBANK | I43: -899.8 | J43: 43 | K43: 19 | L43: =J43-K43 -> 24
B44: FEDERAL BANK | C44: 771.34 | D44: 27 | E44: 15 | F44: =D44-E44 -> 12 | H44: FEDERAL BANK | I44: -1479.91 | J44: 55 | K44: 20 | L44: =J44-K44 -> 35
D45: =SUM(D34:D44) -> 395 | E45: =SUM(E34:E44) -> 204 | F45: =SUM(F34:F44) -> 191 | J45: =SUM(J34:J44) -> 488 | K45: =SUM(K34:K44) -> 225 | L45: =SUM(L34:L44) -> 263
B46: Q4 | H46: Q4
B47: SYMBOL | C47: BACKTEST P&L | D47: TOTAL NUMBER OF TRADES | E47: NUMBER OF WINS | F47: NUMBER OF LOSSES | H47: SYMBOL | I47: BACKTEST P&L | J47: TOTAL NUMBER OF TRADES | K47: NUMBER OF WINS | L47: NUMBER OF LOSSES
B48: HDFC BANK | C48: -440.34 | D48: 56 | E48: 26 | F48: =D48-E48 -> 30 | H48: HDFC BANK | I48: 330.5 | J48: 26 | K48: 16 | L48: =J48-K48 -> 10
B49: AXIS BANK | C49: -1674.19 | D49: 46 | E49: 15 | F49: =D49-E49 -> 31 | H49: AXIS BANK | I49: -600.05 | J49: 38 | K49: 17 | L49: =J49-K49 -> 21
B50: KOTAKBANK | C50: -335.79 | D50: 52 | E50: 16 | F50: =D50-E50 -> 36 | H50: KOTAKBANK | I50: 84.95 | J50: 36 | K50: 15 | L50: =J50-K50 -> 21
B51: YES BANK | C51: -2740.42 | D51: 55 | E51: 19 | F51: =D51-E51 -> 36 | H51: YES BANK | I51: -497.77 | J51: 37 | K51: 40 | L51: =J51-K51 -> -3
B52: AUB BANK | C52: 1347.2 | D52: 53 | E52: 25 | F52: =D52-E52 -> 28 | H52: AUB BANK | I52: -845.9 | J52: 48 | K52: 17 | L52: =J52-K52 -> 31
B53: INDUSINDBK | C53: -231.34 | D53: 45 | E53: 21 | F53: =D53-E53 -> 24 | H53: INDUSINDBK | I53: 112.2 | J53: 44 | K53: 21 | L53: =J53-K53 -> 23
B54: ICICI BANK | C54: 42.05 | D54: 43 | E54: 20 | F54: =D54-E54 -> 23 | H54: ICICI BANK | I54: -1137.15 | J54: 34 | K54: 12 | L54: =J54-K54 -> 22
B55: IDFCFIRSTB | C55: -1409.7 | D55: 54 | E55: 19 | F55: =D55-E55 -> 35 | H55: IDFCFIRSTB | I55: -1304.06 | J55: 43 | K55: 19 | L55: =J55-K55 -> 24
B56: BANKBARODA | C56: -1806.54 | D56: 55 | E56: 18 | F56: =D56-E56 -> 37 | H56: BANKBARODA | I56: -858.3 | J56: 41 | K56: 18 | L56: =J56-K56 -> 23
B57: UNIONBANK | C57: 74.28 | D57: 50 | E57: 22 | F57: =D57-E57 -> 28 | H57: UNIONBANK | I57: 347.3 | J57: 56 | K57: 24 | L57: =J57-K57 -> 32
B58: FEDERAL BANK | C58: -1020.79 | D58: 50 | E58: 19 | F58: =D58-E58 -> 31 | H58: FEDERAL BANK | I58: -2146.05 | J58: 48 | K58: 14 | L58: =J58-K58 -> 34
D59: =SUM(D48:D58) -> 559 | E59: =SUM(E48:E58) -> 220 | F59: =SUM(F48:F58) -> 339 | J59: =SUM(J48:J58) -> 451 | K59: =SUM(K48:K58) -> 213 | L59: =SUM(L48:L58) -> 238
C60: Total of Buy | D60: =D59+D45+D31+D17 -> 1847 | E60: =E59+E45+E31+E17 -> 815 | F60: =F59+F45+F31+F17 -> 1032 | I60: Total of Sell | J60: =J59+J45+J31+J17 -> 1918 | K60: =K59+K45+K31+K17 -> 936 | L60: =L59+L45+L31+L17 -> 982
C61: Total | D61: =D60+J60 -> 3765 | E61: =E60+K60 -> 1751 | F61: =F60+L60 -> 2014
C62: P of Win | D62: =E61/D61 -> 0.46507304
C63: P of Loss | D63: =1-D62 -> 0.53492696

Sheet Supertrend
B1: PRIVATE BANKS
B3: BUY | H3: SELL
B4: Q1 | H4: Q1
B5: SYMBOL | C5: BACKTEST P&L | D5: TOTAL NUMBER OF TRADES | E5: NUMBER OF WINS | F5: NUMBER OF LOSSES | H5: SYMBOL | I5: BACKTEST P&L | J5: TOTAL NUMBER OF TRADES | K5: NUMBER OF WINS | L5: NUMBER OF LOSSES
B6: HDFC BANK | C6: 16.15 | D6: 46 | E6: 18 | F6: =D6-E6 -> 28 | H6: HDFC BANK | I6: -1505.14 | J6: 47 | K6: 20 | L6: =J6-K6 -> 27
B7: AXIS BANK | C7: 61.05 | D7: 45 | E7: 23 | F7: =D7-E7 -> 22 | H7: AXIS BANK | I7: 1474.84 | J7: 69 | K7: 39 | L7: =J7-K7 -> 30
B8: KOTAKBANK | C8: 686.15 | D8: 51 | E8: 25 | F8: =D8-E8 -> 26 | H8: KOTAKBANK | I8: 263.2 | J8: 56 | K8: 30 | L8: =J8-K8 -> 26
B9: YES BANK | C9: 166.45 | D9: 47 | E9: 20 | F9: =D9-E9 -> 27 | H9: YES BANK | I9: -186.99 | J9: 45 | K9: 22 | L9: =J9-K9 -> 23
B10: AUB BANK | C10: 2179.45 | D10: 46 | E10: 27 | F10: =D10-E10 -> 19 | H10: AUB BANK | I10: 985.25 | J10: 54 | K10: 28 | L10: =J10-K10 -> 26
B11: INDUSINDBK | C11: 860 | D11: 57 | E11: 27 | F11: =D11-E11 -> 30 | H11: INDUSINDBK | I11: -387.64 | J11: 56 | K11: 27 | L11: =J11-K11 -> 29
B12: ICICI BANK | C12: 861.9 | D12: 44 | E12: 28 | F12: =D12-E12 -> 16 | H12: ICICI BANK | I12: -747.64 | J12: 49 | K12: 22 | L12: =J12-K12 -> 27
B13: IDFCFIRSTB | C13: 1961.53 | D13: 48 | E13: 26 | F13: =D13-E13 -> 22 | H13: IDFCFIRSTB | I13: 2318.39 | J13: 47 | K13: 27 | L13: =J13-K13 -> 20
B14: BANKBARODA | C14: 1466.26 | D14: 52 | E14: 29 | F14: =D14-E14 -> 23 | H14: BANKBARODA | I14: 1839.4 | J14: 55 | K14: 29 | L14: =J14-K14 -> 26
B15: UNIONBANK | C15: 2579.08 | D15: 57 | E15: 31 | F15: =D15-E15 -> 26 | H15: UNIONBANK | I15: 661.43 | J15: 55 | K15: 26 | L15: =J15-K15 -> 29
B16: FEDERAL BANK | C16: 2097.47 | D16: 43 | E16: 25 | F16: =D16-E16 -> 18 | H16: FEDERAL BANK | I16: -667.84 | J16: 52 | K16: 26 | L16: =J16-K16 -> 26
D17: =SUM(D6:D16) -> 536 | E17: =SUM(E6:E16) -> 279 | F17: =SUM(F6:F16) -> 257 | J17: =SUM(J6:J16) -> 585 | K17: =SUM(K6:K16) -> 296 | L17: =SUM(L6:L16) -> 289
B18: Q2 | H18: Q2
B19: SYMBOL | C19: BACKTEST P&L | D19: TOTAL NUMBER OF TRADES | E19: NUMBER OF WINS | F19: NUMBER OF LOSSES | H19: SYMBOL | I19: BACKTEST P&L | J19: TOTAL NUMBER OF TRADES | K19: NUMBER OF WINS | L19: NUMBER OF LOSSES
B20: HDFC BANK | C20: -1977.44 | D20: 50 | E20: 19 | F20: =D20-E20 -> 31 | H20: HDFC BANK | I20: 435.54 | J20: 47 | K20: 26 | L20: =J20-K20 -> 21
B21: AXIS BANK | C21: -236.8 | D21: 50 | E21: 25 | F21: =D21-E21 -> 25 | H21: AXIS BANK | I21: -1070.4 | J21: 56 | K21: 26 | L21: =J21-K21 -> 30
B22: KOTAKBANK | C22: -308.49 | D22: 54 | E22: 25 | F22: =D22-E22 -> 29 | H22: KOTAKBANK | I22: 433.74 | J22: 48 | K22: 21 | L22: =J22-K22 -> 27
B23: YES BANK | C23: 1039.57 | D23: 44 | E23: 21 | F23: =D23-E23 -> 23 | H23: YES BANK | I23: 1330.07 | J23: 45 | K23: 28 | L23: =J23-K23 -> 17
B24: AUB BANK | C24: 887.29 | D24: 50 | E24: 25 | F24: =D24-E24 -> 25 | H24: AUB BANK | I24: 1846.34 | J24: 52 | K24: 27 | L24: =J24-K24 -> 25
B25: INDUSINDBK | C25: 205.75 | D25: 52 | E25: 22 | F25: =D25-E25 -> 30 | H25: INDUSINDBK | I25: 2292.39 | J25: 55 | K25: 33 | L25: =J25-K25 -> 22
B26: ICICI BANK | C26: -306.44 | D26: 49 | E26: 24 | F26: =D26-E26 -> 25 | H26: ICICI BANK | I26: 190.3 | J26: 43 | K26: 23 | L26: =J26-K26 -> 20
B27: IDFCFIRSTB | C27: -3234.27 | D27: 58 | E27: 18 | F27: =D27-E27 -> 40 | H27: IDFCFIRSTB | I27: 1907.86 | J27: 49 | K27: 30 | L27: =J27-K27 -> 19
B28: BANKBARODA | C28: -1124.88 | D28: 52 | E28: 19 | F28: =D28-E28 -> 33 | H28: BANKBARODA | I28: 1584.35 | J28: 52 | K28: 33 | L28: =J28-K28 -> 19
B29: UNIONBANK | C29: -994.86 | D29: 55 | E29: 22 | F29: =D29-E29 -> 33 | H29: UNIONBANK | I29: 687.1 | J29: 56 | K29: 29 | L29: =J29-K29 -> 27
B30: FEDERAL BANK | C30: -1513.78 | D30: 51 | E30: 18 | F30: =D30-E30 -> 33 | H30: FEDERAL BANK | I30: 1158.74 | J30: 51 | K30: 29 | L30: =J30-K30 -> 22
D31: =SUM(D20:D30) -> 565 | E31: =SUM(E20:E30) -> 238 | F31: =SUM(F20:F30) -> 327 | J31: =SUM(J20:J30) -> 554 | K31: =SUM(K20:K30) -> 305 | L31: =SUM(L20:L30) -> 249
B32: Q3 | H32: Q3
B33: SYMBOL | C33: BACKTEST P&L | D33: TOTAL NUMBER OF TRADES | E33: NUMBER OF WINS | F33: NUMBER OF LOSSES | H33: SYMBOL | I33: BACKTEST P&L | J33: TOTAL NUMBER OF TRADES | K33: NUMBER OF WINS | L33: NUMBER OF LOSSES
B34: HDFC BANK | C34: -504.64 | D34: 48 | E34: 21 | F34: =D34-E34 -> 27 | H34: HDFC BANK | I34: 364.94 | J34: 46 | K34: 26 | L34: =J34-K34 -> 20
B35: AXIS BANK | C35: -513.1 | D35: 49 | E35: 26 | F35: =D35-E35 -> 23 | H35: AXIS BANK | I35: 895.24 | J35: 50 | K35: 29 | L35: =J35-K35 -> 21
B36: KOTAKBANK | C36: -136.85 | D36: 51 | E36: 21 | F36: =D36-E36 -> 30 | H36: KOTAKBANK | I36: -147.54 | J36: 45 | K36: 25 | L36: =J36-K36 -> 20
B37: YES BANK | C37: 1285.57 | D37: 42 | E37: 22 | F37: =D37-E37 -> 20 | H37: YES BANK | I37: 2532.84 | J37: 39 | K37: 24 | L37: =J37-K37 -> 15
B38: AUB BANK | C38: 1099.05 | D38: 47 | E38: 26 | F38: =D38-E38 -> 21 | H38: AUB BANK | I38: -1588.8 | J38: 49 | K38: 24 | L38: =J38-K38 -> 25
B39: INDUSINDBK | C39: -326.69 | D39: 56 | E39: 24 | F39: =D39-E39 -> 32 | H39: INDUSINDBK | I39: -713.75 | J39: 52 | K39: 19 | L39: =J39-K39 -> 33
B40: ICICI BANK | C40: 534.2 | D40: 40 | E40: 19 | F40: =D40-E40 -> 21 | H40: ICICI BANK | I40: 119.94 | J40: 40 | K40: 18 | L40: =J40-K40 -> 22
B41: IDFCFIRSTB | C41: -103.88 | D41: 55 | E41: 27 | F41: =D41-E41 -> 28 | H41: IDFCFIRSTB | I41: -1238.8 | J41: 54 | K41: 27 | L41: =J41-K41 -> 27
B42: BANKBARODA | C42: 39.59 | D42: 54 | E42: 24 | F42: =D42-E42 -> 30 | H42: BANKBARODA | I42: 43.69 | J42: 49 | K42: 25 | L42: =J42-K42 -> 24
B43: UNIONBANK | C43: 2743.17 | D43: 56 | E43: 31 | F43: =D43-E43 -> 25 | H43: UNIONBANK | I43: -459.79 | J43: 51 | K43: 26 | L43: =J43-K43 -> 25
B44: FEDERAL BANK | C44: 811.75 | D44: 47 | E44: 24 | F44: =D44-E44 -> 23 | H44: FEDERAL BANK | I44: -965.08 | J44: 42 | K44: 16 | L44: =J44-K44 -> 26
D45: =SUM(D34:D44) -> 545 | E45: =SUM(E34:E44) -> 265 | F45: =SUM(F34:F44) -> 280 | J45: =SUM(J34:J44) -> 517 | K45: =SUM(K34:K44) -> 259 | L45: =SUM(L34:L44) -> 258
B46: Q4 | H46: Q4
B47: SYMBOL | C47: BACKTEST P&L | D47: TOTAL NUMBER OF TRADES | E47: NUMBER OF WINS | F47: NUMBER OF LOSSES | H47: SYMBOL | I47: BACKTEST P&L | J47: TOTAL NUMBER OF TRADES | K47: NUMBER OF WINS | L47: NUMBER OF LOSSES
B48: HDFC BANK | C48: -1505.14 | D48: 47 | E48: 20 | F48: =D48-E48 -> 27 | H48: HDFC BANK | I48: 1239.49 | J48: 44 | K48: 26 | L48: =J48-K48 -> 18
B49: AXIS BANK | C49: 938.2 | D49: 42 | E49: 21 | F49: =D49-E49 -> 21 | H49: AXIS BANK | I49: 2288.24 | J49: 43 | K49: 27 | L49: =J49-K49 -> 16
B50: KOTAKBANK | C50: 263.2 | D50: 56 | E50: 30 | F50: =D50-E50 -> 26 | H50: KOTAKBANK | I50: 135.04 | J50: 53 | K50: 20 | L50: =J50-K50 -> 33
B51: YES BANK | C51: -186.99 | D51: 45 | E51: 22 | F51: =D51-E51 -> 23 | H51: YES BANK | I51: 1361.33 | J51: 40 | K51: 22 | L51: =J51-K51 -> 18
B52: AUB BANK | C52: 985.25 | D52: 54 | E52: 28 | F52: =D52-E52 -> 26 | H52: AUB BANK | I52: 686.29 | J52: 57 | K52: 28 | L52: =J52-K52 -> 29
B53: INDUSINDBK | C53: -387.64 | D53: 56 | E53: 27 | F53: =D53-E53 -> 29 | H53: INDUSINDBK | I53: 492.44 | J53: 55 | K53: 23 | L53: =J53-K53 -> 32
B54: ICICI BANK | C54: -747.64 | D54: 49 | E54: 22 | F54: =D54-E54 -> 27 | H54: ICICI BANK | I54: 1587.89 | J54: 47 | K54: 26 | L54: =J54-K54 -> 21
B55: IDFCFIRSTB | C55: 2318.39 | D55: 47 | E55: 27 | F55: =D55-E55 -> 20 | H55: IDFCFIRSTB | I55: 387.63 | J55: 48 | K55: 21 | L55: =J55-K55 -> 27
B56: BANKBARODA | C56: 1839.4 | D56: 55 | E56: 29 | F56: =D56-E56 -> 26 | H56: BANKBARODA | I56: -2974.45 | J56: 48 | K56: 14 | L56: =J56-K56 -> 34
B57: UNIONBANK | C57: 661.43 | D57: 55 | E57: 26 | F57: =D57-E57 -> 29 | H57: UNIONBANK | I57: -1031.59 | J57: 57 | K57: 19 | L57: =J57-K57 -> 38
B58: FEDERAL BANK | C58: -667.84 | D58: 52 | E58: 26 | F58: =D58-E58 -> 26 | H58: FEDERAL BANK | I58: -785.95 | J58: 51 | K58: 18 | L58: =J58-K58 -> 33
D59: =SUM(D48:D58) -> 558 | E59: =SUM(E48:E58) -> 278 | F59: =SUM(F48:F58) -> 280 | J59: =SUM(J48:J58) -> 543 | K59: =SUM(K48:K58) -> 244 | L59: =SUM(L48:L58) -> 299
C60: Total of Buy | D60: =D59+D45+D31+D17 -> 2204 | E60: =E59+E45+E31+E17 -> 1060 | F60: =F59+F45+F31+F17 -> 1144 | I60: Total of Sell | J60: =J59+J45+J31+J17 -> 2199 | K60: =K59+K45+K31+K17 -> 1104 | L60: =L59+L45+L31+L17 -> 1095
C61: Total | D61: =D60+J60 -> 4403 | E61: =E60+K60 -> 2164 | F61: =F60+L60 -> 2239
C62: P of Win | D62: =E61/D61 -> 0.49148308
C63: P of Loss | D63: =1-D62 -> 0.50851692

Sheet VWAP
B1: PRIVATE BANKS
B3: BUY | H3: SELL
B4: Q1 | H4: Q1
B5: SYMBOL | C5: BACKTEST P&L | D5: TOTAL NUMBER OF TRADES | E5: NUMBER OF WINS | F5: NUMBER OF LOSSES | H5: SYMBOL | I5: BACKTEST P&L | J5: TOTAL NUMBER OF TRADES | K5: NUMBER OF WINS | L5: NUMBER OF LOSSES
B6: HDFC BANK | C6: 10.65 | D6: 63 | E6: 28 | F6: =D6-E6 -> 35 | H6: HDFC BANK | I6: -438 | J6: 69 | K6: 32 | L6: =J6-K6 -> 37
B7: AXIS BANK | C7: -55.7 | D7: 68 | E7: 31 | F7: =D7-E7 -> 37 | H7: AXIS BANK | I7: 858.39 | J7: 72 | K7: 26 | L7: =J7-K7 -> 46
B8: KOTAKBANK | C8: -194.9 | D8: 62 | E8: 31 | F8: =D8-E8 -> 31 | H8: KOTAKBANK | I8: 138.79 | J8: 64 | K8: 35 | L8: =J8-K8 -> 29
B9: YES BANK | C9: -806.21 | D9: 67 | E9: 24 | F9: =D9-E9 -> 43 | H9: YES BANK | I9: 975.15 | J9: 71 | K9: 31 | L9: =J9-K9 -> 40
B10: AUB BANK | C10: 747.65 | D10: 76 | E10: 32 | F10: =D10-E10 -> 44 | H10: AUB BANK | I10: -2477.1 | J10: 82 | K10: 31 | L10: =J10-K10 -> 51
B11: INDUSINDBK | C11: 1066.2 | D11: 85 | E11: 37 | F11: =D11-E11 -> 48 | H11: INDUSINDBK | I11: -1574.55 | J11: 89 | K11: 34 | L11: =J11-K11 -> 55
B12: ICICI BANK | C12: -50.25 | D12: 64 | E12: 34 | F12: =D12-E12 -> 30 | H12: ICICI BANK | I12: -614.45 | J12: 65 | K12: 29 | L12: =J12-K12 -> 36
B13: IDFCFIRSTB | C13: 661.98 | D13: 78 | E13: 38 | F13: =D13-E13 -> 40 | H13: IDFCFIRSTB | I13: -2095.86 | J13: 75 | K13: 29 | L13: =J13-K13 -> 46
B14: BANKBARODA | C14: 1767.47 | D14: 76 | E14: 39 | F14: =D14-E14 -> 37 | H14: BANKBARODA | I14: -305.67 | J14: 84 | K14: 36 | L14: =J14-K14 -> 48
B15: UNIONBANK | C15: 1023.12 | D15: 86 | E15: 39 | F15: =D15-E15 -> 47 | H15: UNIONBANK | I15: 173.05 | J15: 98 | K15: 40 | L15: =J15-K15 -> 58
B16: FEDERAL BANK | C16: -126.55 | D16: 70 | E16: 34 | F16: =D16-E16 -> 36 | H16: FEDERAL BANK | I16: -147.52 | J16: 73 | K16: 28 | L16: =J16-K16 -> 45
D17: =SUM(D6:D16) -> 795 | E17: =SUM(E6:E16) -> 367 | F17: =SUM(F6:F16) -> 428 | J17: =SUM(J6:J16) -> 842 | K17: =SUM(K6:K16) -> 351 | L17: =SUM(L6:L16) -> 491
B18: Q2 | H18: Q2
B19: SYMBOL | C19: BACKTEST P&L | D19: TOTAL NUMBER OF TRADES | E19: NUMBER OF WINS | F19: NUMBER OF LOSSES | H19: SYMBOL | I19: BACKTEST P&L | J19: TOTAL NUMBER OF TRADES | K19: NUMBER OF WINS | L19: NUMBER OF LOSSES
B20: HDFC BANK | C20: -1846.8 | D20: 64 | E20: 28 | F20: =D20-E20 -> 36 | H20: HDFC BANK | I20: 1051.84 | J20: 63 | K20: 36 | L20: =J20-K20 -> 27
B21: AXIS BANK | C21: -331.05 | D21: 68 | E21: 33 | F21: =D21-E21 -> 35 | H21: AXIS BANK | I21: -1039.3 | J21: 70 | K21: 32 | L21: =J21-K21 -> 38
B22: KOTAKBANK | C22: -2041.05 | D22: 67 | E22: 26 | F22: =D22-E22 -> 41 | H22: KOTAKBANK | I22: 1527.84 | J22: 63 | K22: 37 | L22: =J22-K22 -> 26
B23: YES BANK | C23: -1496.67 | D23: 69 | E23: 24 | F23: =D23-E23 -> 45 | H23: YES BANK | I23: 1308.95 | J23: 71 | K23: 37 | L23: =J23-K23 -> 34
B24: AUB BANK | C24: -289.6 | D24: 71 | E24: 28 | F24: =D24-E24 -> 43 | H24: AUB BANK | I24: -635.55 | J24: 73 | K24: 30 | L24: =J24-K24 -> 43
B25: INDUSINDBK | C25: -3929.85 | D25: 71 | E25: 24 | F25: =D25-E25 -> 47 | H25: INDUSINDBK | I25: 3045.39 | J25: 78 | K25: 39 | L25: =J25-K25 -> 39
B26: ICICI BANK | C26: -580 | D26: 64 | E26: 31 | F26: =D26-E26 -> 33 | H26: ICICI BANK | I26: 1281.09 | J26: 63 | K26: 33 | L26: =J26-K26 -> 30
B27: IDFCFIRSTB | C27: -3079.19 | D27: 77 | E27: 27 | F27: =D27-E27 -> 50 | H27: IDFCFIRSTB | I27: 2362.21 | J27: 74 | K27: 41 | L27: =J27-K27 -> 33
B28: BANKBARODA | C28: -2184.34 | D28: 73 | E28: 28 | F28: =D28-E28 -> 45 | H28: BANKBARODA | I28: -52.1 | J28: 80 | K28: 37 | L28: =J28-K28 -> 43
B29: UNIONBANK | C29: -5101.72 | D29: 82 | E29: 25 | F29: =D29-E29 -> 57 | H29: UNIONBANK | I29: 5025.57 | J29: 73 | K29: 42 | L29: =J29-K29 -> 31
B30: FEDERAL BANK | C30: -2652.81 | D30: 68 | E30: 24 | F30: =D30-E30 -> 44 | H30: FEDERAL BANK | I30: 2761.73 | J30: 69 | K30: 43 | L30: =J30-K30 -> 26
D31: =SUM(D20:D30) -> 774 | E31: =SUM(E20:E30) -> 298 | F31: =SUM(F20:F30) -> 476 | J31: =SUM(J20:J30) -> 777 | K31: =SUM(K20:K30) -> 407 | L31: =SUM(L20:L30) -> 370
B32: Q3 | H32: Q3
B33: SYMBOL | C33: BACKTEST P&L | D33: TOTAL NUMBER OF TRADES | E33: NUMBER OF WINS | F33: NUMBER OF LOSSES | H33: SYMBOL | I33: BACKTEST P&L | J33: TOTAL NUMBER OF TRADES | K33: NUMBER OF WINS | L33: NUMBER OF LOSSES
B34: HDFC BANK | C34: 1608.95 | D34: 62 | E34: 32 | F34: =D34-E34 -> 30 | H34: HDFC BANK | I34: -1216.45 | J34: 66 | K34: 29 | L34: =J34-K34 -> 37
B35: AXIS BANK | C35: -361.64 | D35: 64 | E35: 29 | F35: =D35-E35 -> 35 | H35: AXIS BANK | I35: -251.3 | J35: 64 | K35: 31 | L35: =J35-K35 -> 33
B36: KOTAKBANK | C36: 1737.5 | D36: 64 | E36: 35 | F36: =D36-E36 -> 29 | H36: KOTAKBANK | I36: -511.59 | J36: 70 | K36: 33 | L36: =J36-K36 -> 37
B37: YES BANK | C37: -2227.84 | D37: 62 | E37: 23 | F37: =D37-E37 -> 39 | H37: YES BANK | I37: 879.58 | J37: 63 | K37: 34 | L37: =J37-K37 -> 29
B38: AUB BANK | C38: 3060.35 | D38: 73 | E38: 38 | F38: =D38-E38 -> 35 | H38: AUB BANK | I38: -2182.45 | J38: 73 | K38: 29 | L38: =J38-K38 -> 44
B39: INDUSINDBK | C39: 1904.3 | D39: 79 | E39: 37 | F39: =D39-E39 -> 42 | H39: INDUSINDBK | I39: -843.15 | J39: 76 | K39: 33 | L39: =J39-K39 -> 43
B40: ICICI BANK | C40: -181.14 | D40: 61 | E40: 31 | F40: =D40-E40 -> 30 | H40: ICICI BANK | I40: 208.84 | J40: 61 | K40: 34 | L40: =J40-K40 -> 27
B41: IDFCFIRSTB | C41: 1900.18 | D41: 70 | E41: 37 | F41: =D41-E41 -> 33 | H41: IDFCFIRSTB | I41: -1449.46 | J41: 81 | K41: 33 | L41: =J41-K41 -> 48
B42: BANKBARODA | C42: -2184.33 | D42: 73 | E42: 28 | F42: =D42-E42 -> 45 | H42: BANKBARODA | I42: -229.9 | J42: 74 | K42: 30 | L42: =J42-K42 -> 44
B43: UNIONBANK | C43: -5101.71 | D43: 82 | E43: 25 | F43: =D43-E43 -> 57 | H43: UNIONBANK | I43: 452.5 | J43: 87 | K43: 39 | L43: =J43-K43 -> 48
B44: FEDERAL BANK | C44: -2652.8 | D44: 68 | E44: 24 | F44: =D44-E44 -> 44 | H44: FEDERAL BANK | I44: -3128.26 | J44: 75 | K44: 28 | L44: =J44-K44 -> 47
D45: =SUM(D34:D44) -> 758 | E45: =SUM(E34:E44) -> 339 | F45: =SUM(F34:F44) -> 419 | J45: =SUM(J34:J44) -> 790 | K45: =SUM(K34:K44) -> 353 | L45: =SUM(L34:L44) -> 437
B46: Q4 | H46: Q4
B47: SYMBOL | C47: BACKTEST P&L | D47: TOTAL NUMBER OF TRADES | E47: NUMBER OF WINS | F47: NUMBER OF LOSSES | H47: SYMBOL | I47: BACKTEST P&L | J47: TOTAL NUMBER OF TRADES | K47: NUMBER OF WINS | L47: NUMBER OF LOSSES
B48: HDFC BANK | C48: -2004.14 | D48: 70 | E48: 24 | F48: =D48-E48 -> 46 | H48: HDFC BANK | I48: 1899.34 | J48: 64 | K48: 37 | L48: =J48-K48 -> 27
B49: AXIS BANK | C49: -1999.24 | D49: 64 | E49: 25 | F49: =D49-E49 -> 39 | H49: AXIS BANK | I49: 1817.29 | J49: 62 | K49: 32 | L49: =J49-K49 -> 30
B50: KOTAKBANK | C50: -1438.84 | D50: 71 | E50: 30 | F50: =D50-E50 -> 41 | H50: KOTAKBANK | I50: 1384.09 | J50: 72 | K50: 33 | L50: =J50-K50 -> 39
B51: YES BANK | C51: -117.31 | D51: 71 | E51: 33 | F51: =D51-E51 -> 38 | H51: YES BANK | I51: 1216.78 | J51: 73 | K51: 34 | L51: =J51-K51 -> 39
B52: AUB BANK | C52: -2080.44 | D52: 70 | E52: 24 | F52: =D52-E52 -> 46 | H52: AUB BANK | I52: 1013.24 | J52: 74 | K52: 32 | L52: =J52-K52 -> 42
B53: INDUSINDBK | C53: 412.05 | D53: 85 | E53: 38 | F53: =D53-E53 -> 47 | H53: INDUSINDBK | I53: -358.6 | J53: 86 | K53: 34 | L53: =J53-K53 -> 52
B54: ICICI BANK | C54: -898.64 | D54: 65 | E54: 27 | F54: =D54-E54 -> 38 | H54: ICICI BANK | I54: 965.39 | J54: 64 | K54: 31 | L54: =J54-K54 -> 33
B55: IDFCFIRSTB | C55: 103.58 | D55: 80 | E55: 32 | F55: =D55-E55 -> 48 | H55: IDFCFIRSTB | I55: 1907.45 | J55: 77 | K55: 32 | L55: =J55-K55 -> 45
B56: BANKBARODA | C56: -2199.69 | D56: 80 | E56: 31 | F56: =D56-E56 -> 49 | H56: BANKBARODA | I56: 1446.54 | J56: 81 | K56: 39 | L56: =J56-K56 -> 42
B57: UNIONBANK | C57: 418.33 | D57: 89 | E57: 36 | F57: =D57-E57 -> 53 | H57: UNIONBANK | I57: -1524.84 | J57: 84 | K57: 29 | L57: =J57-K57 -> 55
B58: FEDERAL BANK | C58: -1649.14 | D58: 72 | E58: 29 | F58: =D58-E58 -> 43 | H58: FEDERAL BANK | I58: 1589.64 | J58: 71 | K58: 33 | L58: =J58-K58 -> 38
D59: =SUM(D48:D58) -> 817 | E59: =SUM(E48:E58) -> 329 | F59: =SUM(F48:F58) -> 488 | J59: =SUM(J48:J58) -> 808 | K59: =SUM(K48:K58) -> 366 | L59: =SUM(L48:L58) -> 442
C60: Total of Buy | D60: =D59+D45+D31+D17 -> 3144 | E60: =E59+E45+E31+E17 -> 1333 | F60: =F59+F45+F31+F17 -> 1811 | I60: Total of Sell | J60: =J59+J45+J31+J17 -> 3217 | K60: =K59+K45+K31+K17 -> 1477 | L60: =L59+L45+L31+L17 -> 1740
C61: Total | D61: =D60+J60 -> 6361 | E61: =E60+K60 -> 2810 | F61: =F60+L60 -> 3551
C62: P of Win | D62: =E61/D61 -> 0.44175444
C63: P of Loss | D63: =1-D62 -> 0.55824556

Sheet MA
B1: PRIVATE BANKS
B3: BUY | H3: SELL
B4: Q1 | H4: Q1
B5: Name | C5: Total P/L | D5: Trades | E5: Total Win | F5: Total Loss | H5: Name | I5: Total P/L | J5: Trades | K5: Total Win | L5: Total Loss
B6: AUBANK | C6: 1951.1 | D6: 21 | E6: 17 | F6: =D6+E6 -> 38 | H6: AUBANK | I6: -1838.3 | J6: 35 | K6: 13 | L6: =J6-K6 -> 22
B7: AXISBANK | C7: 34.8 | D7: 19 | E7: 23 | F7: =D7+E7 -> 42 | H7: AXISBANK | I7: 1169.89 | J7: 41 | K7: 22 | L7: =J7-K7 -> 19
B8: BANKBARODA | C8: 1029.84 | D8: 17 | E8: 23 | F8: =D8+E8 -> 40 | H8: BANKBARODA | I8: 828.72 | J8: 40 | K8: 18 | L8: =J8-K8 -> 22
B9: FEDERALBNK | C9: 1296.91 | D9: 24 | E9: 16 | F9: =D9+E9 -> 40 | H9: FEDERALBNK | I9: 250.24 | J9: 39 | K9: 16 | L9: =J9-K9 -> 23
B10: HDFCBANK | C10: 908 | D10: 22 | E10: 18 | F10: =D10+E10 -> 40 | H10: HDFCBANK | I10: -377.95 | J10: 38 | K10: 16 | L10: =J10-K10 -> 22
B11: ICICIBANK | C11: 495.25 | D11: 23 | E11: 12 | F11: =D11+E11 -> 35 | H11: ICICIBANK | I11: -431.85 | J11: 40 | K11: 17 | L11: =J11-K11 -> 23
B12: IDFCFIRSTB | C12: 532.7 | D12: 25 | E12: 19 | F12: =D12+E12 -> 44 | H12: IDFCFIRSTB | I12: -358.47 | J12: 41 | K12: 19 | L12: =J12-K12 -> 22
B13: INDUSINDBK | C13: 2644.9 | D13: 22 | E13: 19 | F13: =D13+E13 -> 41 | H13: INDUSINDBK | I13: -1586.85 | J13: 44 | K13: 17 | L13: =J13-K13 -> 27
B14: KOTAKBANK | C14: 841.94 | D14: 23 | E14: 15 | F14: =D14+E14 -> 38 | H14: KOTAKBANK | I14: -235.9 | J14: 40 | K14: 19 | L14: =J14-K14 -> 21
B15: UNIONBANK | C15: 240.74 | D15: 17 | E15: 23 | F15: =D15+E15 -> 40 | H15: UNIONBANK | I15: -538.9 | J15: 42 | K15: 17 | L15: =J15-K15 -> 25
B16: YESBANK | C16: -59.42 | D16: 16 | E16: 22 | F16: =D16+E16 -> 38 | H16: YESBANK | I16: 2273.37 | J16: 35 | K16: 27 | L16: =J16-K16 -> 8
D17: =SUM(D6:D16) -> 229 | E17: =SUM(E6:E16) -> 207 | F17: =SUM(F6:F16) -> 436 | J17: =SUM(J6:J16) -> 435 | K17: =SUM(K6:K16) -> 201 | L17: =SUM(L6:L16) -> 234
B18: Q2 | H18: Q2
B19: Name | C19: Total P/L | D19: Total Win | E19: Total Loss | F19: Trades | H19: Name | I19: Total P/L | J19: Trades | K19: Total Win | L19: Total Loss
B20: AUBANK | C20: -1705.94 | D20: 20 | E20: 24 | F20: =D20+E20 -> 44 | H20: AUBANK | I20: 2457.64 | J20: 45 | K20: 29 | L20: =J20-K20 -> 16
B21: AXISBANK | C21: -488.34 | D21: 20 | E21: 19 | F21: =D21+E21 -> 39 | H21: AXISBANK | I21: -348.19 | J21: 38 | K21: 20 | L21: =J21-K21 -> 18
B22: BANKBARODA | C22: -1009.32 | D22: 14 | E22: 26 | F22: =D22+E22 -> 40 | H22: BANKBARODA | I22: 2056.53 | J22: 43 | K22: 27 | L22: =J22-K22 -> 16
B23: FEDERALBNK | C23: -1070.86 | D23: 16 | E23: 25 | F23: =D23+E23 -> 41 | H23: FEDERALBNK | I23: 325.22 | J23: 46 | K23: 30 | L23: =J23-K23 -> 16
B24: HDFCBANK | C24: -591.44 | D24: 18 | E24: 24 | F24: =D24+E24 -> 42 | H24: HDFCBANK | I24: 927.29 | J24: 38 | K24: 25 | L24: =J24-K24 -> 13
B25: ICICIBANK | C25: -865.24 | D25: 19 | E25: 27 | F25: =D25+E25 -> 46 | H25: ICICIBANK | I25: -237.1 | J25: 44 | K25: 21 | L25: =J25-K25 -> 23
B26: IDFCFIRSTB | C26: -1346.1 | D26: 17 | E26: 27 | F26: =D26+E26 -> 44 | H26: IDFCFIRSTB | I26: 2400.66 | J26: 45 | K26: 26 | L26: =J26-K26 -> 19
B27: INDUSINDBK | C27: -102.04 | D27: 17 | E27: 25 | F27: =D27+E27 -> 42 | H27: INDUSINDBK | I27: 2760.34 | J27: 44 | K27: 26 | L27: =J27-K27 -> 18
B28: KOTAKBANK | C28: 121.75 | D28: 20 | E28: 22 | F28: =D28+E28 -> 42 | H28: KOTAKBANK | I28: 978.79 | J28: 39 | K28: 23 | L28: =J28-K28 -> 16
B29: UNIONBANK | C29: -926.95 | D29: 18 | E29: 25 | F29: =D29+E29 -> 43 | H29: UNIONBANK | I29: 805.88 | J29: 42 | K29: 21 | L29: =J29-K29 -> 21
B30: YESBANK | C30: 582.68 | D30: 23 | E30: 18 | F30: =D30+E30 -> 41 | H30: YESBANK | I30: 2175.81 | J30: 28 | K30: 13 | L30: =J30-K30 -> 15
D31: =SUM(D20:D30) -> 202 | E31: =SUM(E20:E30) -> 262 | F31: =SUM(F20:F30) -> 464 | J31: =SUM(J20:J30) -> 452 | K31: =SUM(K20:K30) -> 261 | L31: =SUM(L20:L30) -> 191
B32: Q3 | H32: Q3
B33: Name | C33: Total P/L | D33: Total Win | E33: Total Loss | F33: Trades | H33: Name | I33: Total P/L | J33: Trades | K33: Total Win | L33: Total Loss
B34: AUBANK | C34: 388.25 | D34: 20 | E34: 21 | F34: =D34+E34 -> 41 | H34: AUBANK | I34: -1193.65 | J34: 46 | K34: 18 | L34: =J34-K34 -> 28
B35: AXISBANK | C35: -858 | D35: 21 | E35: 25 | F35: =D35+E35 -> 46 | H35: AXISBANK | I35: -4.9 | J35: 47 | K35: 28 | L35: =J35-K35 -> 19
B36: BANKBARODA | C36: 1862.4 | D36: 21 | E36: 16 | F36: =D36+E36 -> 37 | H36: BANKBARODA | I36: 727.84 | J36: 37 | K36: 20 | L36: =J36-K36 -> 17
B37: FEDERALBNK | C37: 2298.97 | D37: 26 | E37: 11 | F37: =D37+E37 -> 37 | H37: FEDERALBNK | I37: -857.22 | J37: 39 | K37: 19 | L37: =J37-K37 -> 20
B38: HDFCBANK | C38: -644.49 | D38: 17 | E38: 24 | F38: =D38+E38 -> 41 | H38: HDFCBANK | I38: 779.7 | J38: 34 | K38: 19 | L38: =J38-K38 -> 15
B39: ICICIBANK | C39: 750.9 | D39: 23 | E39: 15 | F39: =D39+E39 -> 38 | H39: ICICIBANK | I39: -397.59 | J39: 35 | K39: 15 | L39: =J39-K39 -> 20
B40: IDFCFIRSTB | C40: 1262.58 | D40: 22 | E40: 16 | F40: =D40+E40 -> 38 | H40: IDFCFIRSTB | I40: 607.57 | J40: 40 | K40: 22 | L40: =J40-K40 -> 18
B41: INDUSINDBK | C41: -259.24 | D41: 19 | E41: 25 | F41: =D41+E41 -> 44 | H41: INDUSINDBK | I41: 1275.54 | J41: 41 | K41: 21 | L41: =J41-K41 -> 20
B42: KOTAKBANK | C42: -408.49 | D42: 19 | E42: 25 | F42: =D42+E42 -> 44 | H42: KOTAKBANK | I42: -345.4 | J42: 43 | K42: 26 | L42: =J42-K42 -> 17
B43: UNIONBANK | C43: 1410.56 | D43: 21 | E43: 22 | F43: =D43+E43 -> 43 | H43: UNIONBANK | I43: 984.19 | J43: 43 | K43: 20 | L43: =J43-K43 -> 23
B44: YESBANK | C44: 987.31 | D44: 16 | E44: 17 | F44: =D44+E44 -> 33 | H44: YESBANK | I44: 1250.1 | J44: 39 | K44: 20 | L44: =J44-K44 -> 19
D45: =SUM(D34:D44) -> 225 | E45: =SUM(E34:E44) -> 217 | F45: =SUM(F34:F44) -> 442 | J45: =SUM(J34:J44) -> 444 | K45: =SUM(K34:K44) -> 228 | L45: =SUM(L34:L44) -> 216
B46: Q4 | H46: Q4
B47: Name | C47: Total P/L | D47: Total Win | E47: Total Loss | F47: Trades | H47: Name | I47: Total P/L | J47: Trades | K47: Total Win | L47: Total Loss
B48: AUBANK | C48: 24.1 | D48: 19 | E48: 17 | F48: =D48+E48 -> 36 | H48: AUBANK | I48: 941.84 | J48: 39 | K48: 19 | L48: =J48-K48 -> 20
B49: AXISBANK | C49: 303.25 | D49: 18 | E49: 20 | F49: =D49+E49 -> 38 | H49: AXISBANK | I49: 1242.59 | J49: 33 | K49: 18 | L49: =J49-K49 -> 15
B50: BANKBARODA | C50: -1282.94 | D50: 16 | E50: 24 | F50: =D50+E50 -> 40 | H50: BANKBARODA | I50: -137.95 | J50: 39 | K50: 17 | L50: =J50-K50 -> 22
B51: FEDERALBNK | C51: -707.14 | D51: 19 | E51: 19 | F51: =D51+E51 -> 38 | H51: FEDERALBNK | I51: 1313.59 | J51: 42 | K51: 22 | L51: =J51-K51 -> 20
B52: HDFCBANK | C52: -555.24 | D52: 19 | E52: 21 | F52: =D52+E52 -> 40 | H52: HDFCBANK | I52: 1997.54 | J52: 40 | K52: 24 | L52: =J52-K52 -> 16
B53: ICICIBANK | C53: 740.9 | D53: 21 | E53: 18 | F53: =D53+E53 -> 39 | H53: ICICIBANK | I53: 869.84 | J53: 42 | K53: 23 | L53: =J53-K53 -> 19
B54: IDFCFIRSTB | C54: 219.8 | D54: 17 | E54: 20 | F54: =D54+E54 -> 37 | H54: IDFCFIRSTB | I54: 874.21 | J54: 38 | K54: 17 | L54: =J54-K54 -> 21
B55: INDUSINDBK | C55: 275.2 | D55: 22 | E55: 21 | F55: =D55+E55 -> 43 | H55: INDUSINDBK | I55: -196.15 | J55: 43 | K55: 18 | L55: =J55-K55 -> 25
B56: KOTAKBANK | C56: -187.24 | D56: 22 | E56: 18 | F56: =D56+E56 -> 40 | H56: KOTAKBANK | I56: -394.45 | J56: 40 | K56: 16 | L56: =J56-K56 -> 24
B57: UNIONBANK | C57: 1451.98 | D57: 21 | E57: 18 | F57: =D57+E57 -> 39 | H57: UNIONBANK | I57: -363.24 | J57: 42 | K57: 17 | L57: =J57-K57 -> 25
B58: YESBANK | C58: -438.91 | D58: 15 | E58: 17 | F58: =D58+E58 -> 32 | H58: YESBANK | I58: 1257.96 | J58: 35 | K58: 19 | L58: =J58-K58 -> 16
D59: =SUM(D48:D58) -> 209 | E59: =SUM(E48:E58) -> 213 | F59: =SUM(F48:F58) -> 422 | J59: =SUM(J48:J58) -> 433 | K59: =SUM(K48:K58) -> 210 | L59: =SUM(L48:L58) -> 223
C60: Total of Buy | D60: =D59+D45+D31+D17 -> 865 | E60: =E59+E45+E31+E17 -> 899 | F60: =F59+F45+F31+F17 -> 1764 | I60: Total of Sell | J60: =J59+J45+J31+J17 -> 1764 | K60: =K59+K45+K31+K17 -> 900 | L60: =L59+L45+L31+L17 -> 864
C61: Total | D61: =D60+J60 -> 2629 | E61: =E60+K60 -> 1799 | F61: =F60+L60 -> 2628
C62: P of Win | D62: =E61/D61 -> 0.6842906
C63: P of Loss | D63: =1-D62 -> 0.3157094

Sheet MACD
B1: PRIVATE BANKS
B3: BUY | H3: SELL
B4: Q1 | H4: Q1
B5: SYMBOL | C5: BACKTEST P&L | D5: TOTAL NUMBER OF TRADES | E5: NUMBER OF WINS | F5: NUMBER OF LOSSES | H5: SYMBOL | I5: BACKTEST P&L | J5: TOTAL NUMBER OF TRADES | K5: NUMBER OF WINS | L5: NUMBER OF LOSSES
B6: HDFC BANK | C6: 1403.2 | D6: 68 | E6: 36 | F6: 32 | H6: HDFC BANK | I6: 1050.34 | J6: 30 | K6: 15 | L6: =J6-K6 -> 15
B7: AXIS BANK | C7: -1930.09 | D7: 90 | E7: 34 | F7: 56 | H7: AXIS BANK | I7: -1655.25 | J7: 50 | K7: 17 | L7: =J7-K7 -> 33
B8: KOTAKBANK | C8: 1700.65 | D8: 79 | E8: 38 | F8: 41 | H8: KOTAKBANK | I8: 120.54 | J8: 42 | K8: 20 | L8: =J8-K8 -> 22
B9: YES BANK | C9: 1042.2 | D9: 94 | E9: 43 | F9: 51 | H9: YES BANK | I9: -1457.19 | J9: 48 | K9: 19 | L9: =J9-K9 -> 29
B10: AUB BANK | C10: 4040.95 | D10: 96 | E10: 49 | F10: 47 | H10: AUB BANK | I10: -3839.45 | J10: 55 | K10: 15 | L10: =J10-K10 -> 40
B11: INDUSINDBK | C11: 4425.1 | D11: 98 | E11: 52 | F11: 46 | H11: INDUSINDBK | I11: -3207.15 | J11: 70 | K11: 23 | L11: =J11-K11 -> 47
B12: ICICI BANK | C12: 523.25 | D12: 78 | E12: 42 | F12: 36 | H12: ICICI BANK | I12: -495.9 | J12: 29 | K12: 10 | L12: =J12-K12 -> 19
B13: IDFCFIRSTB | C13: 1431.09 | D13: 97 | E13: 42 | F13: 55 | H13: IDFCFIRSTB | I13: -5485.14 | J13: 69 | K13: 17 | L13: =J13-K13 -> 52
B14: BANKBARODA | C14: 2025.95 | D14: 95 | E14: 48 | F14: 47 | H14: BANKBARODA | I14: -1148.97 | J14: 50 | K14: 20 | L14: =J14-K14 -> 30
B15: UNIONBANK | C15: 1456.12 | D15: 101 | E15: 44 | F15: 57 | H15: UNIONBANK | I15: 38.39 | J15: 73 | K15: 28 | L15: =J15-K15 -> 45
B16: FEDERAL BANK | C16: 1502.07 | D16: 87 | E16: 47 | F16: 40 | H16: FEDERAL BANK | I16: 1501.5 | J16: 37 | K16: 21 | L16: =J16-K16 -> 16
D17: =SUM(D6:D16) -> 983 | E17: =SUM(E6:E16) -> 475 | F17: =SUM(F6:F16) -> 508 | J17: =SUM(J6:J16) -> 553 | K17: =SUM(K6:K16) -> 205 | L17: =SUM(L6:L16) -> 348
B18: Q2 | H18: Q2
B19: SYMBOL | C19: BACKTEST P&L | D19: TOTAL NUMBER OF TRADES | E19: NUMBER OF WINS | F19: NUMBER OF LOSSES | H19: SYMBOL | I19: BACKTEST P&L | J19: TOTAL NUMBER OF TRADES | K19: NUMBER OF WINS | L19: NUMBER OF LOSSES
B20: HDFC BANK | C20: -1287.69 | D20: 74 | E20: 34 | F20: 40 | H20: HDFC BANK | I20: 810.99 | J20: 68 | K20: 36 | L20: =J20-K20 -> 32
B21: AXIS BANK | C21: -805.85 | D21: 80 | E21: 39 | F21: 41 | H21: AXIS BANK | I21: -149.79 | J21: 83 | K21: 41 | L21: =J21-K21 -> 42
B22: KOTAKBANK | C22: -159.79 | D22: 77 | E22: 36 | F22: 41 | H22: KOTAKBANK | I22: 2403.04 | J22: 75 | K22: 45 | L22: =J22-K22 -> 30
B23: YES BANK | C23: -1674.86 | D23: 86 | E23: 33 | F23: 53 | H23: YES BANK | I23: 2695.14 | J23: 81 | K23: 46 | L23: =J23-K23 -> 35
B24: AUB BANK | C24: -702.54 | D24: 95 | E24: 38 | F24: 57 | H24: AUB BANK | I24: 3313.69 | J24: 96 | K24: 50 | L24: =J24-K24 -> 46
B25: INDUSINDBK | C25: -2794.04 | D25: 93 | E25: 33 | F25: 60 | H25: INDUSINDBK | I25: 5211.84 | J25: 93 | K25: 59 | L25: =J25-K25 -> 34
B26: ICICI BANK | C26: 34.65 | D26: 71 | E26: 33 | F26: 38 | H26: ICICI BANK | I26: 637.14 | J26: 66 | K26: 38 | L26: =J26-K26 -> 28
B27: IDFCFIRSTB | C27: -2237.37 | D27: 87 | E27: 33 | F27: 54 | H27: IDFCFIRSTB | I27: 2834.3 | J27: 77 | K27: 47 | L27: =J27-K27 -> 30
B28: BANKBARODA | C28: -696.19 | D28: 87 | E28: 36 | F28: 51 | H28: BANKBARODA | I28: 3159.7 | J28: 84 | K28: 49 | L28: =J28-K28 -> 35
B29: UNIONBANK | C29: -1565.12 | D29: 98 | E29: 38 | F29: 60 | H29: UNIONBANK | I29: 2804.68 | J29: 89 | K29: 45 | L29: =J29-K29 -> 44
B30: FEDERAL BANK | C30: -3072.62 | D30: 86 | E30: 29 | F30: 57 | H30: FEDERAL BANK | I30: 2998.48 | J30: 78 | K30: 46 | L30: =J30-K30 -> 32
D31: =SUM(D20:D30) -> 934 | E31: =SUM(E20:E30) -> 382 | F31: =SUM(F20:F30) -> 552 | J31: =SUM(J20:J30) -> 890 | K31: =SUM(K20:K30) -> 502 | L31: =SUM(L20:L30) -> 388
B32: Q3 | H32: Q3
B33: SYMBOL | C33: BACKTEST P&L | D33: TOTAL NUMBER OF TRADES | E33: NUMBER OF WINS | F33: NUMBER OF LOSSES | H33: SYMBOL | I33: BACKTEST P&L | J33: TOTAL NUMBER OF TRADES | K33: NUMBER OF WINS | L33: NUMBER OF LOSSES
B34: HDFC BANK | C34: 583.75 | D34: 71 | E34: 38 | F34: 33 | H34: HDFC BANK | I34: -700.4 | J34: 75 | K34: 33 | L34: =J34-K34 -> 42
B35: AXIS BANK | C35: -180.34 | D35: 73 | E35: 36 | F35: 37 | H35: AXIS BANK | I35: -455.2 | J35: 75 | K35: 36 | L35: =J35-K35 -> 39
B36: KOTAKBANK | C36: 743.1 | D36: 67 | E36: 33 | F36: 34 | H36: KOTAKBANK | I36: -332.6 | J36: 75 | K36: 42 | L36: =J36-K36 -> 33
B37: YES BANK | C37: -2610.19 | D37: 82 | E37: 35 | F37: 47 | H37: YES BANK | I37: 2013.63 | J37: 79 | K37: 44 | L37: =J37-K37 -> 35
B38: AUB BANK | C38: 2557.75 | D38: 76 | E38: 39 | F38: 37 | H38: AUB BANK | I38: -4123.5 | J38: 91 | K38: 36 | L38: =J38-K38 -> 55
B39: INDUSINDBK | C39: 977.9 | D39: 99 | E39: 45 | F39: 54 | H39: INDUSINDBK | I39: -776.7 | J39: 95 | K39: 43 | L39: =J39-K39 -> 52
B40: ICICI BANK | C40: 318.95 | D40: 65 | E40: 31 | F40: 34 | H40: ICICI BANK | I40: -810.15 | J40: 67 | K40: 29 | L40: =J40-K40 -> 38
B41: IDFCFIRSTB | C41: 129 | D41: 85 | E41: 38 | F41: 47 | H41: IDFCFIRSTB | I41: -1802.37 | J41: 84 | K41: 32 | L41: =J41-K41 -> 52
B42: BANKBARODA | C42: -173.89 | D42: 96 | E42: 40 | F42: 56 | H42: BANKBARODA | I42: -412.55 | J42: 94 | K42: 46 | L42: =J42-K42 -> 48
B43: UNIONBANK | C43: 426.55 | D43: 92 | E43: 47 | F43: 45 | H43: UNIONBANK | I43: -2320.7 | J43: 94 | K43: 41 | L43: =J43-K43 -> 53
B44: FEDERAL BANK | C44: 2791.95 | D44: 79 | E44: 43 | F44: 36 | H44: FEDERAL BANK | I44: -2734.23 | J44: 86 | K44: 34 | L44: =J44-K44 -> 52
D45: =SUM(D34:D44) -> 885 | E45: =SUM(E34:E44) -> 425 | F45: =SUM(F34:F44) -> 460 | J45: =SUM(J34:J44) -> 915 | K45: =SUM(K34:K44) -> 416 | L45: =SUM(L34:L44) -> 499
B46: Q4 | H46: Q4
B47: SYMBOL | C47: BACKTEST P&L | D47: TOTAL NUMBER OF TRADES | E47: NUMBER OF WINS | F47: NUMBER OF LOSSES | H47: SYMBOL | I47: BACKTEST P&L | J47: TOTAL NUMBER OF TRADES | K47: NUMBER OF WINS | L47: NUMBER OF LOSSES
B48: HDFC BANK | C48: -3305.59 | D48: 89 | E48: 32 | F48: 57 | H48: HDFC BANK | I48: 2160.84 | J48: 73 | K48: 44 | L48: 29
B49: AXIS BANK | C49: -2229.19 | D49: 92 | E49: 34 | F49: 58 | H49: AXIS BANK | I49: 2357.84 | J49: 84 | K49: 46 | L49: 38
B50: KOTAKBANK | C50: 353.85 | D50: 87 | E50: 38 | F50: 49 | H50: KOTAKBANK | I50: -794.3 | J50: 79 | K50: 32 | L50: 47
B51: YES BANK | C51: -2392.7 | D51: 94 | E51: 40 | F51: 54 | H51: YES BANK | I51: 365.47 | J51: 90 | K51: 46 | L51: 44
B52: AUB BANK | C52: 44.3 | D52: 95 | E52: 40 | F52: 55 | H52: AUB BANK | I52: -460.35 | J52: 95 | K52: 36 | L52: 59
B53: INDUSINDBK | C53: -1900.14 | D53: 105 | E53: 43 | F53: 62 | H53: INDUSINDBK | I53: 946.49 | J53: 99 | K53: 47 | L53: 52
B54: ICICI BANK | C54: 164.05 | D54: 74 | E54: 35 | F54: 39 | H54: ICICI BANK | I54: -124.9 | J54: 34 | K54: 76 | L54: -42
B55: IDFCFIRSTB | C55: 1237.5 | D55: 96 | E55: 44 | F55: 52 | H55: IDFCFIRSTB | I55: -1538.95 | J55: 99 | K55: 41 | L55: 58
B56: BANKBARODA | C56: -2300.29 | D56: 105 | E56: 43 | F56: 62 | H56: BANKBARODA | I56: -8.2 | J56: 41 | K56: 98 | L56: -57
B57: UNIONBANK | C57: 899.47 | D57: 104 | E57: 46 | F57: 58 | H57: UNIONBANK | I57: -4537.35 | J57: 121 | K57: 42 | L57: 79
B58: FEDERAL BANK | C58: -1528.14 | D58: 93 | E58: 40 | F58: 53 | H58: FEDERAL BANK | I58: 715.69 | J58: 86 | K58: 41 | L58: 45
D59: =SUM(D48:D58) -> 1034 | E59: =SUM(E48:E58) -> 435 | F59: =SUM(F48:F58) -> 599 | J59: =SUM(J48:J58) -> 901 | K59: =SUM(K48:K58) -> 549 | L59: =SUM(L48:L58) -> 352
C60: Total of Buy | D60: =D59+D45+D31+D17 -> 3836 | E60: =E59+E45+E31+E17 -> 1717 | F60: =F59+F45+F31+F17 -> 2119 | I60: Total of Sell | J60: =J59+J45+J31+J17 -> 3259 | K60: =K59+K45+K31+K17 -> 1672 | L60: =L59+L45+L31+L17 -> 1587
C61: Total | D61: =D60+J60 -> 7095 | E61: =E60+K60 -> 3389 | F61: =F60+L60 -> 3706
C62: P of Win | D62: =E61/D61 -> 0.47766032
C63: P of Loss | D63: =1-D62 -> 0.52233968

Sheet S_RSI
B1: PRIVATE BANKS
B3: BUY | H3: SELL
B4: Q1 | H4: Q1
B5: SYMBOL | C5: BACKTEST P&L | D5: TOTAL NUMBER OF TRADES | E5: NUMBER OF WINS | F5: NUMBER OF LOSSES | H5: SYMBOL | I5: BACKTEST P&L | J5: TOTAL NUMBER OF TRADES | K5: NUMBER OF WINS | L5: NUMBER OF LOSSES
B6: HDFC BANK | C6: -666.9 | D6: 29 | E6: 13 | F6: =D6-E6 -> 16 | H6: HDFC BANK | I6: -297.85 | J6: 47 | K6: 26 | L6: =J6-K6 -> 21
B7: AXIS BANK | C7: 1022.96 | D7: 41 | E7: 20 | F7: =D7-E7 -> 21 | H7: AXIS BANK | I7: 63.94 | J7: 50 | K7: 26 | L7: =J7-K7 -> 24
B8: KOTAKBANK | C8: 1037.6 | D8: 39 | E8: 20 | F8: =D8-E8 -> 19 | H8: KOTAKBANK | I8: 250.29 | J8: 40 | K8: 23 | L8: =J8-K8 -> 17
B9: YES BANK | C9: 44.98 | D9: 41 | E9: 16 | F9: =D9-E9 -> 25 | H9: YES BANK | I9: 304.58 | J9: 50 | K9: 21 | L9: =J9-K9 -> 29
B10: AUB BANK | C10: -327.45 | D10: 33 | E10: 12 | F10: =D10-E10 -> 21 | H10: AUB BANK | I10: -1483.1 | J10: 57 | K10: 24 | L10: =J10-K10 -> 33
B11: INDUSINDBK | C11: 233.6 | D11: 36 | E11: 14 | F11: =D11-E11 -> 22 | H11: INDUSINDBK | I11: 892.9 | J11: 49 | K11: 23 | L11: =J11-K11 -> 26
B12: ICICI BANK | C12: 267.25 | D12: 34 | E12: 18 | F12: =D12-E12 -> 16 | H12: ICICI BANK | I12: 285.45 | J12: 42 | K12: 24 | L12: =J12-K12 -> 18
B13: IDFCFIRSTB | C13: 606.15 | D13: 36 | E13: 19 | F13: =D13-E13 -> 17 | H13: IDFCFIRSTB | I13: -1019.94 | J13: 51 | K13: 24 | L13: =J13-K13 -> 27
B14: BANKBARODA | C14: -1191.36 | D14: 38 | E14: 15 | F14: =D14-E14 -> 23 | H14: BANKBARODA | I14: -486.61 | J14: 49 | K14: 21 | L14: =J14-K14 -> 28
B15: UNIONBANK | C15: 575.86 | D15: 37 | E15: 17 | F15: =D15-E15 -> 20 | H15: UNIONBANK | I15: -493.67 | J15: 58 | K15: 27 | L15: =J15-K15 -> 31
B16: FEDERAL BANK | C16: 734.6 | D16: 43 | E16: 21 | F16: =D16-E16 -> 22 | H16: FEDERAL BANK | I16: 581.93 | J16: 54 | K16: 27 | L16: =J16-K16 -> 27
D17: =SUM(D6:D16) -> 407 | E17: =SUM(E6:E16) -> 185 | F17: =SUM(F6:F16) -> 222 | J17: =SUM(J6:J16) -> 547 | K17: =SUM(K6:K16) -> 266 | L17: =SUM(L6:L16) -> 281
B18: Q2 | H18: Q2
B19: SYMBOL | C19: BACKTEST P&L | D19: TOTAL NUMBER OF TRADES | E19: NUMBER OF WINS | F19: NUMBER OF LOSSES | H19: SYMBOL | I19: BACKTEST P&L | J19: TOTAL NUMBER OF TRADES | K19: NUMBER OF WINS | L19: NUMBER OF LOSSES
B20: HDFC BANK | C20: -312.4 | D20: 39 | E20: 15 | F20: =D20-E20 -> 24 | H20: HDFC BANK | I20: 66.5 | J20: 31 | K20: 20 | L20: =J20-K20 -> 11
B21: AXIS BANK | C21: 90.35 | D21: 38 | E21: 21 | F21: =D21-E21 -> 17 | H21: AXIS BANK | I21: 986.35 | J21: 36 | K21: 22 | L21: =J21-K21 -> 14
B22: KOTAKBANK | C22: -470 | D22: 39 | E22: 17 | F22: =D22-E22 -> 22 | H22: KOTAKBANK | I22: 1345.65 | J22: 36 | K22: 22 | L22: =J22-K22 -> 14
B23: YES BANK | C23: 310.31 | D23: 40 | E23: 20 | F23: =D23-E23 -> 20 | H23: YES BANK | I23: 546.75 | J23: 47 | K23: 27 | L23: =J23-K23 -> 20
B24: AUB BANK | C24: -221.4 | D24: 56 | E24: 22 | F24: =D24-E24 -> 34 | H24: AUB BANK | I24: 243.15 | J24: 47 | K24: 21 | L24: =J24-K24 -> 26
B25: INDUSINDBK | C25: -854.15 | D25: 54 | E25: 20 | F25: =D25-E25 -> 34 | H25: INDUSINDBK | I25: 1451.05 | J25: 38 | K25: 22 | L25: =J25-K25 -> 16
B26: ICICI BANK | C26: 470.85 | D26: 37 | E26: 21 | F26: =D26-E26 -> 16 | H26: ICICI BANK | I26: 553.25 | J26: 32 | K26: 20 | L26: =J26-K26 -> 12
B27: IDFCFIRSTB | C27: -1052.69 | D27: 52 | E27: 19 | F27: =D27-E27 -> 33 | H27: IDFCFIRSTB | I27: 1408.1 | J27: 34 | K27: 19 | L27: =J27-K27 -> 15
B28: BANKBARODA | C28: -674.23 | D28: 45 | E28: 18 | F28: =D28-E28 -> 27 | H28: BANKBARODA | I28: -61.87 | J28: 52 | K28: 23 | L28: =J28-K28 -> 29
B29: UNIONBANK | C29: 334.65 | D29: 43 | E29: 19 | F29: =D29-E29 -> 24 | H29: UNIONBANK | I29: 26.13 | J29: 50 | K29: 19 | L29: =J29-K29 -> 31
B30: FEDERAL BANK | C30: -1622.52 | D30: 43 | E30: 14 | F30: =D30-E30 -> 29 | H30: FEDERAL BANK | I30: 227.4 | J30: 29 | K30: 17 | L30: =J30-K30 -> 12
D31: =SUM(D20:D30) -> 486 | E31: =SUM(E20:E30) -> 206 | F31: =SUM(F20:F30) -> 280 | J31: =SUM(J20:J30) -> 432 | K31: =SUM(K20:K30) -> 232 | L31: =SUM(L20:L30) -> 200
B32: Q3 | H32: Q3
B33: SYMBOL | C33: BACKTEST P&L | D33: TOTAL NUMBER OF TRADES | E33: NUMBER OF WINS | F33: NUMBER OF LOSSES | H33: SYMBOL | I33: BACKTEST P&L | J33: TOTAL NUMBER OF TRADES | K33: NUMBER OF WINS | L33: NUMBER OF LOSSES
B34: HDFC BANK | C34: 392.85 | D34: 33 | E34: 22 | F34: =D34-E34 -> 11 | H34: HDFC BANK | I34: 146.25 | J34: 34 | K34: 20 | L34: =J34-K34 -> 14
B35: AXIS BANK | C35: -499.04 | D35: 31 | E35: 15 | F35: =D35-E35 -> 16 | H35: AXIS BANK | I35: -277.5 | J35: 43 | K35: 22 | L35: =J35-K35 -> 21
B36: KOTAKBANK | C36: 520.7 | D36: 31 | E36: 13 | F36: =D36-E36 -> 18 | H36: KOTAKBANK | I36: 326.1 | J36: 43 | K36: 25 | L36: =J36-K36 -> 18
B37: YES BANK | C37: -1580.8 | D37: 49 | E37: 21 | F37: =D37-E37 -> 28 | H37: YES BANK | I37: 805.21 | J37: 41 | K37: 24 | L37: =J37-K37 -> 17
B38: AUB BANK | C38: 1157.35 | D38: 35 | E38: 19 | F38: =D38-E38 -> 16 | H38: AUB BANK | I38: -860.05 | J38: 53 | K38: 24 | L38: =J38-K38 -> 29
B39: INDUSINDBK | C39: 973.55 | D39: 38 | E39: 20 | F39: =D39-E39 -> 18 | H39: INDUSINDBK | I39: -1748.9 | J39: 47 | K39: 19 | L39: =J39-K39 -> 28
B40: ICICI BANK | C40: -902.29 | D40: 38 | E40: 19 | F40: =D40-E40 -> 19 | H40: ICICI BANK | I40: -1065.9 | J40: 31 | K40: 14 | L40: =J40-K40 -> 17
B41: IDFCFIRSTB | C41: 665.99 | D41: 33 | E41: 18 | F41: =D41-E41 -> 15 | H41: IDFCFIRSTB | I41: -1853.97 | J41: 49 | K41: 18 | L41: =J41-K41 -> 31
B42: BANKBARODA | C42: 505.65 | D42: 45 | E42: 21 | F42: =D42-E42 -> 24 | H42: BANKBARODA | I42: -1596 | J42: 49 | K42: 20 | L42: =J42-K42 -> 29
B43: UNIONBANK | C43: 1072.2 | D43: 35 | E43: 21 | F43: =D43-E43 -> 14 | H43: UNIONBANK | I43: -899.8 | J43: 43 | K43: 19 | L43: =J43-K43 -> 24
B44: FEDERAL BANK | C44: 771.34 | D44: 27 | E44: 15 | F44: =D44-E44 -> 12 | H44: FEDERAL BANK | I44: -1479.91 | J44: 55 | K44: 20 | L44: =J44-K44 -> 35
D45: =SUM(D34:D44) -> 395 | E45: =SUM(E34:E44) -> 204 | F45: =SUM(F34:F44) -> 191 | J45: =SUM(J34:J44) -> 488 | K45: =SUM(K34:K44) -> 225 | L45: =SUM(L34:L44) -> 263
B46: Q4 | H46: Q4
B47: SYMBOL | C47: BACKTEST P&L | D47: TOTAL NUMBER OF TRADES | E47: NUMBER OF WINS | F47: NUMBER OF LOSSES | H47: SYMBOL | I47: BACKTEST P&L | J47: TOTAL NUMBER OF TRADES | K47: NUMBER OF WINS | L47: NUMBER OF LOSSES
B48: HDFC BANK | C48: -440.34 | D48: 56 | E48: 26 | F48: =D48-E48 -> 30 | H48: HDFC BANK | I48: 330.5 | J48: 26 | K48: 16 | L48: =J48-K48 -> 10
B49: AXIS BANK | C49: -1674.19 | D49: 46 | E49: 15 | F49: =D49-E49 -> 31 | H49: AXIS BANK | I49: -600.05 | J49: 38 | K49: 17 | L49: =J49-K49 -> 21
B50: KOTAKBANK | C50: -335.79 | D50: 52 | E50: 16 | F50: =D50-E50 -> 36 | H50: KOTAKBANK | I50: 84.95 | J50: 36 | K50: 15 | L50: =J50-K50 -> 21
B51: YES BANK | C51: -2740.42 | D51: 55 | E51: 19 | F51: =D51-E51 -> 36 | H51: YES BANK | I51: -497.77 | J51: 37 | K51: 40 | L51: =J51-K51 -> -3
B52: AUB BANK | C52: 1347.2 | D52: 53 | E52: 25 | F52: =D52-E52 -> 28 | H52: AUB BANK | I52: -845.9 | J52: 48 | K52: 17 | L52: =J52-K52 -> 31
B53: INDUSINDBK | C53: -231.34 | D53: 45 | E53: 21 | F53: =D53-E53 -> 24 | H53: INDUSINDBK | I53: 112.2 | J53: 44 | K53: 21 | L53: =J53-K53 -> 23
B54: ICICI BANK | C54: 42.05 | D54: 43 | E54: 20 | F54: =D54-E54 -> 23 | H54: ICICI BANK | I54: -1137.15 | J54: 34 | K54: 12 | L54: =J54-K54 -> 22
B55: IDFCFIRSTB | C55: -1409.7 | D55: 54 | E55: 19 | F55: =D55-E55 -> 35 | H55: IDFCFIRSTB | I55: -1304.06 | J55: 43 | K55: 19 | L55: =J55-K55 -> 24
B56: BANKBARODA | C56: -1806.54 | D56: 55 | E56: 18 | F56: =D56-E56 -> 37 | H56: BANKBARODA | I56: -858.3 | J56: 41 | K56: 18 | L56: =J56-K56 -> 23
B57: UNIONBANK | C57: 74.28 | D57: 50 | E57: 22 | F57: =D57-E57 -> 28 | H57: UNIONBANK | I57: 347.3 | J57: 56 | K57: 24 | L57: =J57-K57 -> 32
B58: FEDERAL BANK | C58: -1020.79 | D58: 50 | E58: 19 | F58: =D58-E58 -> 31 | H58: FEDERAL BANK | I58: -2146.05 | J58: 48 | K58: 14 | L58: =J58-K58 -> 34
D59: =SUM(D48:D58) -> 559 | E59: =SUM(E48:E58) -> 220 | F59: =SUM(F48:F58) -> 339 | J59: =SUM(J48:J58) -> 451 | K59: =SUM(K48:K58) -> 213 | L59: =SUM(L48:L58) -> 238
C60: Total of Buy | D60: =D59+D45+D31+D17 -> 1847 | E60: =E59+E45+E31+E17 -> 815 | F60: =F59+F45+F31+F17 -> 1032 | I60: Total of Sell | J60: =J59+J45+J31+J17 -> 1918 | K60: =K59+K45+K31+K17 -> 936 | L60: =L59+L45+L31+L17 -> 982
C61: Total | D61: =D60+J60 -> 3765 | E61: =E60+K60 -> 1751 | F61: =F60+L60 -> 2014
C62: P of Win | D62: =E61/D61 -> 0.46507304
C63: P of Loss | D63: =1-D62 -> 0.53492696

Sheet PP
B1: PRIVATE BANKS
B3: BUY | H3: SELL
B4: Q1 | H4: Q1
B5: SYMBOL | C5: BACKTEST P&L | D5: TOTAL NUMBER OF TRADES | E5: NUMBER OF WINS | F5: NUMBER OF LOSSES | H5: SYMBOL | I5: BACKTEST P&L | J5: TOTAL NUMBER OF TRADES | K5: NUMBER OF WINS | L5: NUMBER OF LOSSES
B6: HDFC BANK | C6: 318.7 | D6: 30 | E6: 15 | F6: =D6-E6 -> 15 | H6: HDFC BANK | I6: -660.05 | J6: 33 | K6: 13 | L6: =J6-K6 -> 20
B7: AXIS BANK | C7: 660.89 | D7: 27 | E7: 15 | F7: =D7-E7 -> 12 | H7: AXIS BANK | I7: 243.04 | J7: 25 | K7: 13 | L7: =J7-K7 -> 12
B8: KOTAKBANK | C8: 435.15 | D8: 23 | E8: 11 | F8: =D8-E8 -> 12 | H8: KOTAKBANK | I8: 325.59 | J8: 26 | K8: 14 | L8: =J8-K8 -> 12
B9: YES BANK | C9: -1407.67 | D9: 31 | E9: 10 | F9: =D9-E9 -> 21 | H9: YES BANK | I9: 707.44 | J9: 38 | K9: 18 | L9: =J9-K9 -> 20
B10: AUB BANK | C10: 1545.05 | D10: 32 | E10: 16 | F10: =D10-E10 -> 16 | H10: AUB BANK | I10: -1003.85 | J10: 33 | K10: 13 | L10: =J10-K10 -> 20
B11: INDUSINDBK | C11: 3204.25 | D11: 27 | E11: 18 | F11: =D11-E11 -> 9 | H11: INDUSINDBK | I11: -876.55 | J11: 30 | K11: 11 | L11: =J11-K11 -> 19
B12: ICICI BANK | C12: -414.89 | D12: 25 | E12: 12 | F12: =D12-E12 -> 13 | H12: ICICI BANK | I12: 374.44 | J12: 32 | K12: 15 | L12: =J12-K12 -> 17
B13: IDFCFIRSTB | C13: 853.69 | D13: 30 | E13: 17 | F13: =D13-E13 -> 13 | H13: IDFCFIRSTB | I13: 260.26 | J13: 35 | K13: 14 | L13: =J13-K13 -> 21
B14: BANKBARODA | C14: 522.43 | D14: 30 | E14: 15 | F14: =D14-E14 -> 15 | H14: BANKBARODA | I14: -834.35 | J14: 31 | K14: 11 | L14: =J14-K14 -> 20
B15: UNIONBANK | C15: 3018.61 | D15: 33 | E15: 20 | F15: =D15-E15 -> 13 | H15: UNIONBANK | I15: 351.62 | J15: 33 | K15: 14 | L15: =J15-K15 -> 19
B16: FEDERAL BANK | C16: 1071.49 | D16: 24 | E16: 13 | F16: =D16-E16 -> 11 | H16: FEDERAL BANK | I16: 1864.67 | J16: 31 | K16: 16 | L16: =J16-K16 -> 15
D17: =SUM(D6:D16) -> 312 | E17: =SUM(E6:E16) -> 162 | F17: =SUM(F6:F16) -> 150 | J17: =SUM(J6:J16) -> 347 | K17: =SUM(K6:K16) -> 152 | L17: =SUM(L6:L16) -> 195
B18: Q2 | H18: Q2
B19: SYMBOL | C19: BACKTEST P&L | D19: TOTAL NUMBER OF TRADES | E19: NUMBER OF WINS | F19: NUMBER OF LOSSES | H19: SYMBOL | I19: BACKTEST P&L | J19: TOTAL NUMBER OF TRADES | K19: NUMBER OF WINS | L19: NUMBER OF LOSSES
B20: HDFC BANK | C20: -471.65 | D20: 24 | E20: 9 | F20: =D20-E20 -> 15 | H20: HDFC BANK | I20: 477.79 | J20: 29 | K20: 14 | L20: =J20-K20 -> 15
B21: AXIS BANK | C21: -713.24 | D21: 26 | E21: 10 | F21: =D21-E21 -> 16 | H21: AXIS BANK | I21: 480.54 | J21: 27 | K21: 17 | L21: =J21-K21 -> 10
B22: KOTAKBANK | C22: -627.84 | D22: 21 | E22: 9 | F22: =D22-E22 -> 12 | H22: KOTAKBANK | I22: -792.7 | J22: 26 | K22: 10 | L22: =J22-K22 -> 16
B23: YES BANK | C23: -281.64 | D23: 24 | E23: 8 | F23: =D23-E23 -> 16 | H23: YES BANK | I23: 1156.95 | J23: 29 | K23: 20 | L23: =J23-K23 -> 9
B24: AUB BANK | C24: -1010.44 | D24: 25 | E24: 10 | F24: =D24-E24 -> 15 | H24: AUB BANK | I24: 55.09 | J24: 35 | K24: 15 | L24: =J24-K24 -> 20
B25: INDUSINDBK | C25: -1340.79 | D25: 26 | E25: 8 | F25: =D25-E25 -> 18 | H25: INDUSINDBK | I25: 1219.84 | J25: 31 | K25: 16 | L25: =J25-K25 -> 15
B26: ICICI BANK | C26: -352.84 | D26: 19 | E26: 7 | F26: =D26-E26 -> 12 | H26: ICICI BANK | I26: 524.75 | J26: 22 | K26: 11 | L26: =J26-K26 -> 11
B27: IDFCFIRSTB | C27: -933.79 | D27: 27 | E27: 9 | F27: =D27-E27 -> 18 | H27: IDFCFIRSTB | I27: 1553.96 | J27: 32 | K27: 18 | L27: =J27-K27 -> 14
B28: BANKBARODA | C28: 149.92 | D28: 32 | E28: 14 | F28: =D28-E28 -> 18 | H28: BANKBARODA | I28: -164.01 | J28: 32 | K28: 15 | L28: =J28-K28 -> 17
B29: UNIONBANK | C29: 84.64 | D29: 28 | E29: 11 | F29: =D29-E29 -> 17 | H29: UNIONBANK | I29: 1109.22 | J29: 32 | K29: 18 | L29: =J29-K29 -> 14
B30: FEDERAL BANK | C30: -993.95 | D30: 19 | E30: 6 | F30: =D30-E30 -> 13 | H30: FEDERAL BANK | I30: 87.88 | J30: 20 | K30: 11 | L30: =J30-K30 -> 9
D31: =SUM(D20:D30) -> 271 | E31: =SUM(E20:E30) -> 101 | F31: =SUM(F20:F30) -> 170 | J31: =SUM(J20:J30) -> 315 | K31: =SUM(K20:K30) -> 165 | L31: =SUM(L20:L30) -> 150
B32: Q3 | H32: Q3
B33: SYMBOL | C33: BACKTEST P&L | D33: TOTAL NUMBER OF TRADES | E33: NUMBER OF WINS | F33: NUMBER OF LOSSES | H33: SYMBOL | I33: BACKTEST P&L | J33: TOTAL NUMBER OF TRADES | K33: NUMBER OF WINS | L33: NUMBER OF LOSSES
B34: HDFC BANK | C34: -579.65 | D34: 25 | E34: 11 | F34: =D34-E34 -> 14 | H34: HDFC BANK | I34: -0.5 | J34: 33 | K34: 18 | L34: =J34-K34 -> 15
B35: AXIS BANK | C35: -513.64 | D35: 26 | E35: 12 | F35: =D35-E35 -> 14 | H35: AXIS BANK | I35: 252.54 | J35: 31 | K35: 15 | L35: =J35-K35 -> 16
B36: KOTAKBANK | C36: 355.3 | D36: 24 | E36: 11 | F36: =D36-E36 -> 13 | H36: KOTAKBANK | I36: -814.7 | J36: 30 | K36: 14 | L36: =J36-K36 -> 16
B37: YES BANK | C37: 435.83 | D37: 21 | E37: 11 | F37: =D37-E37 -> 10 | H37: YES BANK | I37: -622.82 | J37: 25 | K37: 9 | L37: =J37-K37 -> 16
B38: AUB BANK | C38: -18.39 | D38: 31 | E38: 14 | F38: =D38-E38 -> 17 | H38: AUB BANK | I38: -669.95 | J38: 32 | K38: 13 | L38: =J38-K38 -> 19
B39: INDUSINDBK | C39: 971.45 | D39: 28 | E39: 13 | F39: =D39-E39 -> 15 | H39: INDUSINDBK | I39: -1717.65 | J39: 34 | K39: 12 | L39: =J39-K39 -> 22
B40: ICICI BANK | C40: 764 | D40: 21 | E40: 13 | F40: =D40-E40 -> 8 | H40: ICICI BANK | I40: -315 | J40: 28 | K40: 16 | L40: =J40-K40 -> 12
B41: IDFCFIRSTB | C41: 1239.12 | D41: 30 | E41: 19 | F41: =D41-E41 -> 11 | H41: IDFCFIRSTB | I41: -2297.99 | J41: 36 | K41: 10 | L41: =J41-K41 -> 26
B42: BANKBARODA | C42: 191.3 | D42: 32 | E42: 14 | F42: =D42-E42 -> 18 | H42: BANKBARODA | I42: -1406.25 | J42: 38 | K42: 15 | L42: =J42-K42 -> 23
B43: UNIONBANK | C43: 1394.26 | D43: 25 | E43: 16 | F43: =D43-E43 -> 9 | H43: UNIONBANK | I43: -1113.49 | J43: 33 | K43: 11 | L43: =J43-K43 -> 22
B44: FEDERAL BANK | C44: 647.31 | D44: 39 | E44: 19 | F44: =D44-E44 -> 20 | H44: FEDERAL BANK | I44: -898.1 | J44: 43 | K44: 19 | L44: =J44-K44 -> 24
D45: =SUM(D34:D44) -> 302 | E45: =SUM(E34:E44) -> 153 | F45: =SUM(F34:F44) -> 149 | J45: =SUM(J34:J44) -> 363 | K45: =SUM(K34:K44) -> 152 | L45: =SUM(L34:L44) -> 211
B46: Q4 | H46: Q4
B47: SYMBOL | C47: BACKTEST P&L | D47: TOTAL NUMBER OF TRADES | E47: NUMBER OF WINS | F47: NUMBER OF LOSSES | H47: SYMBOL | I47: BACKTEST P&L | J47: TOTAL NUMBER OF TRADES | K47: NUMBER OF WINS | L47: NUMBER OF LOSSES
B48: HDFC BANK | C48: 403.2 | D48: 13 | E48: 7 | F48: =D48-E48 -> 6 | H48: HDFC BANK | I48: 523.74 | J48: 18 | K48: 8 | L48: =J48-K48 -> 10
B49: AXIS BANK | C49: 1529.65 | D49: 26 | E49: 15 | F49: =D49-E49 -> 11 | H49: AXIS BANK | I49: 160.29 | J49: 27 | K49: 12 | L49: =J49-K49 -> 15
B50: KOTAKBANK | C50: -657.24 | D50: 21 | E50: 8 | F50: =D50-E50 -> 13 | H50: KOTAKBANK | I50: 2150.55 | J50: 22 | K50: 15 | L50: =J50-K50 -> 7
B51: YES BANK | C51: 1430.96 | D51: 20 | E51: 13 | F51: =D51-E51 -> 7 | H51: YES BANK | I51: 1857.14 | J51: 27 | K51: 15 | L51: =J51-K51 -> 12
B52: AUB BANK | C52: 723.35 | D52: 23 | E52: 11 | F52: =D52-E52 -> 12 | H52: AUB BANK | I52: 482.14 | J52: 26 | K52: 13 | L52: =J52-K52 -> 13
B53: INDUSINDBK | C53: 1483.2 | D53: 23 | E53: 10 | F53: =D53-E53 -> 13 | H53: INDUSINDBK | I53: -1937 | J53: 35 | K53: 10 | L53: =J53-K53 -> 25
B54: ICICI BANK | C54: 1033.9 | D54: 18 | E54: 12 | F54: =D54-E54 -> 6 | H54: ICICI BANK | I54: -541.05 | J54: 23 | K54: 10 | L54: =J54-K54 -> 13
B55: IDFCFIRSTB | C55: 307.41 | D55: 20 | E55: 10 | F55: =D55-E55 -> 10 | H55: IDFCFIRSTB | I55: -617.65 | J55: 25 | K55: 8 | L55: =J55-K55 -> 17
B56: BANKBARODA | C56: 589.05 | D56: 28 | E56: 15 | F56: =D56-E56 -> 13 | H56: BANKBARODA | I56: -1070.6 | J56: 36 | K56: 13 | L56: =J56-K56 -> 23
B57: UNIONBANK | C57: -183.26 | D57: 34 | E57: 13 | F57: =D57-E57 -> 21 | H57: UNIONBANK | I57: -159.17 | J57: 41 | K57: 14 | L57: =J57-K57 -> 27
B58: FEDERAL BANK | C58: -688.64 | D58: 22 | E58: 9 | F58: =D58-E58 -> 13 | H58: FEDERAL BANK | I58: -1417.5 | J58: 24 | K58: 9 | L58: =J58-K58 -> 15
D59: =SUM(D48:D58) -> 248 | E59: =SUM(E48:E58) -> 123 | F59: =SUM(F48:F58) -> 125 | J59: =SUM(J48:J58) -> 304 | K59: =SUM(K48:K58) -> 127 | L59: =SUM(L48:L58) -> 177
C60: Total of Buy | D60: =D59+D45+D31+D17 -> 1133 | E60: =E59+E45+E31+E17 -> 539 | F60: =F59+F45+F31+F17 -> 594 | I60: Total of Sell | J60: =J59+J45+J31+J17 -> 1329 | K60: =K59+K45+K31+K17 -> 596 | L60: =L59+L45+L31+L17 -> 733
C61: Total | D61: =D60+J60 -> 2462 | E61: =E60+K60 -> 1135 | F61: =F60+L60 -> 1327
C62: P of Win | D62: =E61/D61 -> 0.46100731
C63: P of Loss | D63: =1-D62 -> 0.53899269

Sheet Boillenger
B1: PRIVATE BANKS
B3: BUY | H3: SELL
B4: Q1 | H4: Q1
B5: SYMBOL | C5: BACKTEST P&L | D5: TOTAL NUMBER OF TRADES | E5: NUMBER OF WINS | F5: NUMBER OF LOSSES | H5: SYMBOL | I5: BACKTEST P&L | J5: TOTAL NUMBER OF TRADES | K5: NUMBER OF WINS | L5: NUMBER OF LOSSES
B6: HDFC BANK | C6: 159.65 | D6: 58 | E6: 27 | F6: =D6-E6 -> 31 | H6: HDFC BANK | I6: -882.6 | J6: 66 | K6: 35 | L6: =J6-K6 -> 31
B7: AXIS BANK | C7: -21.04 | D7: 64 | E7: 28 | F7: =D7-E7 -> 36 | H7: AXIS BANK | I7: 1474.84 | J7: 69 | K7: 39 | L7: =J7-K7 -> 30
B8: KOTAKBANK | C8: -303.14 | D8: 60 | E8: 32 | F8: =D8-E8 -> 28 | H8: KOTAKBANK | I8: -1595.9 | J8: 61 | K8: 24 | L8: =J8-K8 -> 37
B9: YES BANK | C9: 2299.28 | D9: 75 | E9: 35 | F9: =D9-E9 -> 40 | H9: YES BANK | I9: -1618.4 | J9: 70 | K9: 30 | L9: =J9-K9 -> 40
B10: AUB BANK | C10: 2319.6 | D10: 57 | E10: 32 | F10: =D10-E10 -> 25 | H10: AUB BANK | I10: -2509.5 | J10: 77 | K10: 30 | L10: =J10-K10 -> 47
B11: INDUSINDBK | C11: 2829.4 | D11: 67 | E11: 38 | F11: =D11-E11 -> 29 | H11: INDUSINDBK | I11: -725.85 | J11: 85 | K11: 36 | L11: =J11-K11 -> 49
B12: ICICI BANK | C12: 1517.7 | D12: 56 | E12: 34 | F12: =D12-E12 -> 22 | H12: ICICI BANK | I12: -102.9 | J12: 66 | K12: 32 | L12: =J12-K12 -> 34
B13: IDFCFIRSTB | C13: 1063.42 | D13: 65 | E13: 31 | F13: =D13-E13 -> 34 | H13: IDFCFIRSTB | I13: -1952.77 | J13: 73 | K13: 31 | L13: =J13-K13 -> 42
B14: BANKBARODA | C14: 634.86 | D14: 64 | E14: 31 | F14: =D14-E14 -> 33 | H14: BANKBARODA | I14: -788.89 | J14: 77 | K14: 30 | L14: =J14-K14 -> 47
B15: UNIONBANK | C15: -628.59 | D15: 81 | E15: 38 | F15: =D15-E15 -> 43 | H15: UNIONBANK | I15: -2388.66 | J15: 84 | K15: 30 | L15: =J15-K15 -> 54
B16: FEDERAL BANK | C16: -236.19 | D16: 69 | E16: 36 | F16: =D16-E16 -> 33 | H16: FEDERAL BANK | I16: 456.73 | J16: 73 | K16: 34 | L16: =J16-K16 -> 39
D17: =SUM(D6:D16) -> 716 | E17: =SUM(E6:E16) -> 362 | F17: =SUM(F6:F16) -> 354 | J17: =SUM(J6:J16) -> 801 | K17: =SUM(K6:K16) -> 351 | L17: =SUM(L6:L16) -> 450
B18: Q2 | H18: Q2
B19: SYMBOL | C19: BACKTEST P&L | D19: TOTAL NUMBER OF TRADES | E19: NUMBER OF WINS | F19: NUMBER OF LOSSES | H19: SYMBOL | I19: BACKTEST P&L | J19: TOTAL NUMBER OF TRADES | K19: NUMBER OF WINS | L19: NUMBER OF LOSSES
B20: HDFC BANK | C20: 210.95 | D20: 65 | E20: 35 | F20: =D20-E20 -> 30 | H20: HDFC BANK | I20: 276.34 | J20: 56 | K20: 30 | L20: =J20-K20 -> 26
B21: AXIS BANK | C21: -366.4 | D21: 61 | E21: 29 | F21: =D21-E21 -> 32 | H21: AXIS BANK | I21: 1498.6 | J21: 65 | K21: 40 | L21: =J21-K21 -> 25
B22: KOTAKBANK | C22: -891.04 | D22: 69 | E22: 35 | F22: =D22-E22 -> 34 | H22: KOTAKBANK | I22: 782.29 | J22: 56 | K22: 32 | L22: =J22-K22 -> 24
B23: YES BANK | C23: -2482.21 | D23: 67 | E23: 24 | F23: =D23-E23 -> 43 | H23: YES BANK | I23: 1310.03 | J23: 66 | K23: 36 | L23: =J23-K23 -> 30
B24: AUB BANK | C24: -947.59 | D24: 81 | E24: 35 | F24: =D24-E24 -> 46 | H24: AUB BANK | I24: 266.19 | J24: 65 | K24: 29 | L24: =J24-K24 -> 36
B25: INDUSINDBK | C25: -2671.34 | D25: 78 | E25: 25 | F25: =D25-E25 -> 53 | H25: INDUSINDBK | I25: 3761.64 | J25: 67 | K25: 43 | L25: =J25-K25 -> 24
B26: ICICI BANK | C26: 342.1 | D26: 58 | E26: 29 | F26: =D26-E26 -> 29 | H26: ICICI BANK | I26: 955.79 | J26: 63 | K26: 34 | L26: =J26-K26 -> 29
B27: IDFCFIRSTB | C27: -1957.76 | D27: 65 | E27: 26 | F27: =D27-E27 -> 39 | H27: IDFCFIRSTB | I27: 1467.42 | J27: 67 | K27: 41 | L27: =J27-K27 -> 26
B28: BANKBARODA | C28: -2124.46 | D28: 67 | E28: 26 | F28: =D28-E28 -> 41 | H28: BANKBARODA | I28: 644 | J28: 68 | K28: 34 | L28: =J28-K28 -> 34
B29: UNIONBANK | C29: -1460.49 | D29: 70 | E29: 24 | F29: =D29-E29 -> 46 | H29: UNIONBANK | I29: 2833.88 | J29: 72 | K29: 38 | L29: =J29-K29 -> 34
B30: FEDERAL BANK | C30: -2276.07 | D30: 70 | E30: 28 | F30: =D30-E30 -> 42 | H30: FEDERAL BANK | I30: 2390.99 | J30: 61 | K30: 35 | L30: =J30-K30 -> 26
D31: =SUM(D20:D30) -> 751 | E31: =SUM(E20:E30) -> 316 | F31: =SUM(F20:F30) -> 435 | J31: =SUM(J20:J30) -> 706 | K31: =SUM(K20:K30) -> 392 | L31: =SUM(L20:L30) -> 314
B32: Q3 | H32: Q3
B33: SYMBOL | C33: BACKTEST P&L | D33: TOTAL NUMBER OF TRADES | E33: NUMBER OF WINS | F33: NUMBER OF LOSSES | H33: SYMBOL | I33: BACKTEST P&L | J33: TOTAL NUMBER OF TRADES | K33: NUMBER OF WINS | L33: NUMBER OF LOSSES
B34: HDFC BANK | C34: 331.75 | D34: 57 | E34: 32 | F34: =D34-E34 -> 25 | H34: HDFC BANK | I34: 377.84 | J34: 64 | K34: 38 | L34: =J34-K34 -> 26
B35: AXIS BANK | C35: 20 | D35: 58 | E35: 26 | F35: =D35-E35 -> 32 | H35: AXIS BANK | I35: 271.39 | J35: 60 | K35: 27 | L35: =J35-K35 -> 33
B36: KOTAKBANK | C36: 995.39 | D36: 61 | E36: 33 | F36: =D36-E36 -> 28 | H36: KOTAKBANK | I36: 966.7 | J36: 64 | K36: 38 | L36: =J36-K36 -> 26
B37: YES BANK | C37: -3984.33 | D37: 75 | E37: 27 | F37: =D37-E37 -> 48 | H37: YES BANK | I37: 1712.72 | J37: 65 | K37: 35 | L37: =J37-K37 -> 30
B38: AUB BANK | C38: 1390.2 | D38: 57 | E38: 33 | F38: =D38-E38 -> 24 | H38: AUB BANK | I38: -1509.5 | J38: 72 | K38: 33 | L38: =J38-K38 -> 39
B39: INDUSINDBK | C39: 469.25 | D39: 66 | E39: 30 | F39: =D39-E39 -> 36 | H39: INDUSINDBK | I39: -1567.45 | J39: 72 | K39: 32 | L39: =J39-K39 -> 40
B40: ICICI BANK | C40: 696.65 | D40: 63 | E40: 33 | F40: =D40-E40 -> 30 | H40: ICICI BANK | I40: -947.15 | J40: 56 | K40: 24 | L40: =J40-K40 -> 32
B41: IDFCFIRSTB | C41: -520.15 | D41: 60 | E41: 28 | F41: =D41-E41 -> 32 | H41: IDFCFIRSTB | I41: -241.24 | J41: 79 | K41: 40 | L41: =J41-K41 -> 39
B42: BANKBARODA | C42: -1721.69 | D42: 63 | E42: 27 | F42: =D42-E42 -> 36 | H42: BANKBARODA | I42: -85.1 | J42: 71 | K42: 34 | L42: =J42-K42 -> 37
B43: UNIONBANK | C43: -122.75 | D43: 65 | E43: 30 | F43: =D43-E43 -> 35 | H43: UNIONBANK | I43: -394.82 | J43: 70 | K43: 33 | L43: =J43-K43 -> 37
B44: FEDERAL BANK | C44: 746.58 | D44: 48 | E44: 26 | F44: =D44-E44 -> 22 | H44: FEDERAL BANK | I44: -2631.94 | J44: 69 | K44: 28 | L44: =J44-K44 -> 41
D45: =SUM(D34:D44) -> 673 | E45: =SUM(E34:E44) -> 325 | F45: =SUM(F34:F44) -> 348 | J45: =SUM(J34:J44) -> 742 | K45: =SUM(K34:K44) -> 362 | L45: =SUM(L34:L44) -> 380
B46: Q4 | H46: Q4
B47: SYMBOL | C47: BACKTEST P&L | D47: TOTAL NUMBER OF TRADES | E47: NUMBER OF WINS | F47: NUMBER OF LOSSES | H47: SYMBOL | I47: BACKTEST P&L | J47: TOTAL NUMBER OF TRADES | K47: NUMBER OF WINS | L47: NUMBER OF LOSSES
B48: HDFC BANK | C48: -2219.39 | D48: 75 | E48: 29 | F48: =D48-E48 -> 46 | H48: HDFC BANK | I48: 1015.84 | J48: 49 | K48: 28 | L48: =J48-K48 -> 21
B49: AXIS BANK | C49: -3312.04 | D49: 66 | E49: 24 | F49: =D49-E49 -> 42 | H49: AXIS BANK | I49: 561.04 | J49: 62 | K49: 27 | L49: =J49-K49 -> 35
B50: KOTAKBANK | C50: -2526.99 | D50: 74 | E50: 30 | F50: =D50-E50 -> 44 | H50: KOTAKBANK | I50: 410.64 | J50: 63 | K50: 27 | L50: =J50-K50 -> 36
B51: YES BANK | C51: -2510.51 | D51: 75 | E51: 32 | F51: =D51-E51 -> 43 | H51: YES BANK | I51: 279.4 | J51: 64 | K51: 31 | L51: =J51-K51 -> 33
B52: AUB BANK | C52: -2461.14 | D52: 72 | E52: 27 | F52: =D52-E52 -> 45 | H52: AUB BANK | I52: -414.6 | J52: 72 | K52: 29 | L52: =J52-K52 -> 43
B53: INDUSINDBK | C53: -83.34 | D53: 72 | E53: 30 | F53: =D53-E53 -> 42 | H53: INDUSINDBK | I53: -1124.8 | J53: 80 | K53: 31 | L53: =J53-K53 -> 49
B54: ICICI BANK | C54: -2036.59 | D54: 71 | E54: 28 | F54: =D54-E54 -> 43 | H54: ICICI BANK | I54: 204.59 | J54: 66 | K54: 32 | L54: =J54-K54 -> 34
B55: IDFCFIRSTB | C55: -1360.37 | D55: 77 | E55: 33 | F55: =D55-E55 -> 44 | H55: IDFCFIRSTB | I55: 226.03 | J55: 62 | K55: 26 | L55: =J55-K55 -> 36
B56: BANKBARODA | C56: -38.79 | D56: 68 | E56: 35 | F56: =D56-E56 -> 33 | H56: BANKBARODA | I56: 132.64 | J56: 66 | K56: 28 | L56: =J56-K56 -> 38
B57: UNIONBANK | C57: 472.92 | D57: 71 | E57: 35 | F57: =D57-E57 -> 36 | H57: UNIONBANK | I57: -2025.06 | J57: 80 | K57: 26 | L57: =J57-K57 -> 54
B58: FEDERAL BANK | C58: 1061.8 | D58: 74 | E58: 36 | F58: =D58-E58 -> 38 | H58: FEDERAL BANK | I58: 504.44 | J58: 71 | K58: 33 | L58: =J58-K58 -> 38
D59: =SUM(D48:D58) -> 795 | E59: =SUM(E48:E58) -> 339 | F59: =SUM(F48:F58) -> 456 | J59: =SUM(J48:J58) -> 735 | K59: =SUM(K48:K58) -> 318 | L59: =SUM(L48:L58) -> 417
C60: Total of Buy | D60: =D59+D45+D31+D17 -> 2935 | E60: =E59+E45+E31+E17 -> 1342 | F60: =F59+F45+F31+F17 -> 1593 | I60: Total of Sell | J60: =J59+J45+J31+J17 -> 2984 | K60: =K59+K45+K31+K17 -> 1423 | L60: =L59+L45+L31+L17 -> 1561
C61: Total | D61: =D60+J60 -> 5919 | E61: =E60+K60 -> 2765 | F61: =F60+L60 -> 3154
C62: P of Win | D62: =E61/D61 -> 0.46713972
C63: P of Loss | D63: =1-D62 -> 0.53286028

Sheet AWESOME Alligator
B1: PRIVATE BANKS
B3: BUY | H3: SELL
B4: Q1 | H4: Q1
B5: SYMBOL | C5: BACKTEST P&L | D5: TOTAL NUMBER OF TRADES | E5: NUMBER OF WINS | F5: NUMBER OF LOSSES | H5: SYMBOL | I5: BACKTEST P&L | J5: TOTAL NUMBER OF TRADES | K5: NUMBER OF WINS | L5: NUMBER OF LOSSES
B6: HDFC BANK | C6: 1145 | D6: 63 | E6: 30 | F6: =D6-E6 -> 33 | H6: HDFC BANK | I6: -778.55 | J6: 67 | K6: 30 | L6: =J6-K6 -> 37
B7: AXIS BANK | C7: -439.64 | D7: 61 | E7: 32 | F7: =D7-E7 -> 29 | H7: AXIS BANK | I7: 716.99 | J7: 61 | K7: 31 | L7: =J7-K7 -> 30
B8: KOTAKBANK | C8: 667.85 | D8: 64 | E8: 34 | F8: =D8-E8 -> 30 | H8: KOTAKBANK | I8: -692.7 | J8: 63 | K8: 28 | L8: =J8-K8 -> 35
B9: YES BANK | C9: 407.07 | D9: 64 | E9: 27 | F9: =D9-E9 -> 37 | H9: YES BANK | I9: 1047.59 | J9: 66 | K9: 40 | L9: =J9-K9 -> 26
B10: AUB BANK | C10: 2000.45 | D10: 72 | E10: 41 | F10: =D10-E10 -> 31 | H10: AUB BANK | I10: -125.45 | J10: 72 | K10: 33 | L10: =J10-K10 -> 39
B11: INDUSINDBK | C11: 2444.65 | D11: 75 | E11: 40 | F11: =D11-E11 -> 35 | H11: INDUSINDBK | I11: -3183.75 | J11: 81 | K11: 29 | L11: =J11-K11 -> 52
B12: ICICI BANK | C12: 1212.85 | D12: 57 | E12: 35 | F12: =D12-E12 -> 22 | H12: ICICI BANK | I12: -1311.95 | J12: 62 | K12: 24 | L12: =J12-K12 -> 38
B13: IDFCFIRSTB | C13: 2513.36 | D13: 70 | E13: 36 | F13: =D13-E13 -> 34 | H13: IDFCFIRSTB | I13: -2069.15 | J13: 65 | K13: 27 | L13: =J13-K13 -> 38
B14: BANKBARODA | C14: 527.42 | D14: 75 | E14: 41 | F14: =D14-E14 -> 34 | H14: BANKBARODA | I14: -47.91 | J14: 73 | K14: 35 | L14: =J14-K14 -> 38
B15: UNIONBANK | C15: 597.1 | D15: 79 | E15: 38 | F15: =D15-E15 -> 41 | H15: UNIONBANK | I15: -439.59 | J15: 73 | K15: 34 | L15: =J15-K15 -> 39
B16: FEDERAL BANK | C16: 594.91 | D16: 69 | E16: 35 | F16: =D16-E16 -> 34 | H16: FEDERAL BANK | I16: -1092.67 | J16: 69 | K16: 29 | L16: =J16-K16 -> 40
D17: =SUM(D6:D16) -> 749 | E17: =SUM(E6:E16) -> 389 | F17: =SUM(F6:F16) -> 360 | J17: =SUM(J6:J16) -> 752 | K17: =SUM(K6:K16) -> 340 | L17: =SUM(L6:L16) -> 412
B18: Q2 | H18: Q2
B19: SYMBOL | C19: BACKTEST P&L | D19: TOTAL NUMBER OF TRADES | E19: NUMBER OF WINS | F19: NUMBER OF LOSSES | H19: SYMBOL | I19: BACKTEST P&L | J19: TOTAL NUMBER OF TRADES | K19: NUMBER OF WINS | L19: NUMBER OF LOSSES
B20: HDFC BANK | C20: -1905.44 | D20: 60 | E20: 24 | F20: =D20-E20 -> 36 | H20: HDFC BANK | I20: 432.3 | J20: 61 | K20: 30 | L20: =J20-K20 -> 31
B21: AXIS BANK | C21: 14.5 | D21: 62 | E21: 31 | F21: =D21-E21 -> 31 | H21: AXIS BANK | I21: 753.14 | J21: 69 | K21: 39 | L21: =J21-K21 -> 30
B22: KOTAKBANK | C22: -111.34 | D22: 66 | E22: 33 | F22: =D22-E22 -> 33 | H22: KOTAKBANK | I22: 691.99 | J22: 62 | K22: 31 | L22: =J22-K22 -> 31
B23: YES BANK | C23: -1481.8 | D23: 64 | E23: 24 | F23: =D23-E23 -> 40 | H23: YES BANK | I23: 2705 | J23: 66 | K23: 43 | L23: =J23-K23 -> 23
B24: AUB BANK | C24: 597.35 | D24: 67 | E24: 32 | F24: =D24-E24 -> 35 | H24: AUB BANK | I24: 1095.69 | J24: 70 | K24: 36 | L24: =J24-K24 -> 34
B25: INDUSINDBK | C25: -1133.04 | D25: 64 | E25: 25 | F25: =D25-E25 -> 39 | H25: INDUSINDBK | I25: 2737.89 | J25: 66 | K25: 41 | L25: =J25-K25 -> 25
B26: ICICI BANK | C26: -612.64 | D26: 67 | E26: 31 | F26: =D26-E26 -> 36 | H26: ICICI BANK | I26: 260.15 | J26: 58 | K26: 35 | L26: =J26-K26 -> 23
B27: IDFCFIRSTB | C27: -2008 | D27: 70 | E27: 23 | F27: =D27-E27 -> 47 | H27: IDFCFIRSTB | I27: 846.49 | J27: 65 | K27: 35 | L27: =J27-K27 -> 30
B28: BANKBARODA | C28: -1929.49 | D28: 68 | E28: 25 | F28: =D28-E28 -> 43 | H28: BANKBARODA | I28: 3424.62 | J28: 63 | K28: 42 | L28: =J28-K28 -> 21
B29: UNIONBANK | C29: -2188.04 | D29: 76 | E29: 32 | F29: =D29-E29 -> 44 | H29: UNIONBANK | I29: 471.44 | J29: 68 | K29: 37 | L29: =J29-K29 -> 31
B30: FEDERAL BANK | C30: -1272.45 | D30: 62 | E30: 20 | F30: =D30-E30 -> 42 | H30: FEDERAL BANK | I30: 2280.84 | J30: 61 | K30: 35 | L30: =J30-K30 -> 26
D31: =SUM(D20:D30) -> 726 | E31: =SUM(E20:E30) -> 300 | F31: =SUM(F20:F30) -> 426 | J31: =SUM(J20:J30) -> 709 | K31: =SUM(K20:K30) -> 404 | L31: =SUM(L20:L30) -> 305
B32: Q3 | H32: Q3
B33: SYMBOL | C33: BACKTEST P&L | D33: TOTAL NUMBER OF TRADES | E33: NUMBER OF WINS | F33: NUMBER OF LOSSES | H33: SYMBOL | I33: BACKTEST P&L | J33: TOTAL NUMBER OF TRADES | K33: NUMBER OF WINS | L33: NUMBER OF LOSSES
B34: HDFC BANK | C34: -885.64 | D34: 62 | E34: 25 | F34: =D34-E34 -> 37 | H34: HDFC BANK | I34: 38.09 | J34: 61 | K34: 32 | L34: =J34-K34 -> 29
B35: AXIS BANK | C35: -169.64 | D35: 62 | E35: 29 | F35: =D35-E35 -> 33 | H35: AXIS BANK | I35: 1745.94 | J35: 58 | K35: 36 | L35: =J35-K35 -> 22
B36: KOTAKBANK | C36: -522.99 | D36: 62 | E36: 29 | F36: =D36-E36 -> 33 | H36: KOTAKBANK | I36: 67.39 | J36: 60 | K36: 34 | L36: =J36-K36 -> 26
B37: YES BANK | C37: -582.28 | D37: 61 | E37: 30 | F37: =D37-E37 -> 31 | H37: YES BANK | I37: 262.84 | J37: 66 | K37: 33 | L37: =J37-K37 -> 33
B38: AUB BANK | C38: -404.89 | D38: 67 | E38: 29 | F38: =D38-E38 -> 38 | H38: AUB BANK | I38: -627.85 | J38: 58 | K38: 28 | L38: =J38-K38 -> 30
B39: INDUSINDBK | C39: -277.89 | D39: 71 | E39: 33 | F39: =D39-E39 -> 38 | H39: INDUSINDBK | I39: -260.7 | J39: 73 | K39: 36 | L39: =J39-K39 -> 37
B40: ICICI BANK | C40: 1093.55 | D40: 56 | E40: 27 | F40: =D40-E40 -> 29 | H40: ICICI BANK | I40: -1082 | J40: 57 | K40: 23 | L40: =J40-K40 -> 34
B41: IDFCFIRSTB | C41: 657.97 | D41: 64 | E41: 32 | F41: =D41-E41 -> 32 | H41: IDFCFIRSTB | I41: -1034.44 | J41: 67 | K41: 31 | L41: =J41-K41 -> 36
B42: BANKBARODA | C42: -316.34 | D42: 67 | E42: 30 | F42: =D42-E42 -> 37 | H42: BANKBARODA | I42: 330.04 | J42: 61 | K42: 29 | L42: =J42-K42 -> 32
B43: UNIONBANK | C43: -352.72 | D43: 73 | E43: 31 | F43: =D43-E43 -> 42 | H43: UNIONBANK | I43: -1247.61 | J43: 75 | K43: 33 | L43: =J43-K43 -> 42
B44: FEDERAL BANK | C44: 1470.97 | D44: 65 | E44: 34 | F44: =D44-E44 -> 31 | H44: FEDERAL BANK | I44: -1519.22 | J44: 63 | K44: 28 | L44: =J44-K44 -> 35
D45: =SUM(D34:D44) -> 710 | E45: =SUM(E34:E44) -> 329 | F45: =SUM(F34:F44) -> 381 | J45: =SUM(J34:J44) -> 699 | K45: =SUM(K34:K44) -> 343 | L45: =SUM(L34:L44) -> 356
B46: Q4 | H46: Q4
B47: SYMBOL | C47: BACKTEST P&L | D47: TOTAL NUMBER OF TRADES | E47: NUMBER OF WINS | F47: NUMBER OF LOSSES | H47: SYMBOL | I47: BACKTEST P&L | J47: TOTAL NUMBER OF TRADES | K47: NUMBER OF WINS | L47: NUMBER OF LOSSES
B48: HDFC BANK | C48: -2481.14 | D48: 65 | E48: 25 | F48: =D48-E48 -> 40 | H48: HDFC BANK | I48: 1569.79 | J48: 61 | K48: 38 | L48: =J48-K48 -> 23
B49: AXIS BANK | C49: -1046.69 | D49: 69 | E49: 31 | F49: =D49-E49 -> 38 | H49: AXIS BANK | I49: 2320.74 | J49: 61 | K49: 36 | L49: =J49-K49 -> 25
B50: KOTAKBANK | C50: -582.14 | D50: 67 | E50: 33 | F50: =D50-E50 -> 34 | H50: KOTAKBANK | I50: 571.19 | J50: 60 | K50: 28 | L50: =J50-K50 -> 32
B51: YES BANK | C51: -1154.5 | D51: 69 | E51: 32 | F51: =D51-E51 -> 37 | H51: YES BANK | I51: 1311.34 | J51: 64 | K51: 33 | L51: =J51-K51 -> 31
B52: AUB BANK | C52: -63.74 | D52: 63 | E52: 33 | F52: =D52-E52 -> 30 | H52: AUB BANK | I52: 1076.69 | J52: 62 | K52: 31 | L52: =J52-K52 -> 31
B53: INDUSINDBK | C53: 571.6 | D53: 76 | E53: 39 | F53: =D53-E53 -> 37 | H53: INDUSINDBK | I53: -2401.55 | J53: 73 | K53: 25 | L53: =J53-K53 -> 48
B54: ICICI BANK | C54: -1044.34 | D54: 64 | E54: 29 | F54: =D54-E54 -> 35 | H54: ICICI BANK | I54: 1540.49 | J54: 63 | K54: 37 | L54: =J54-K54 -> 26
B55: IDFCFIRSTB | C55: -887.39 | D55: 63 | E55: 28 | F55: =D55-E55 -> 35 | H55: IDFCFIRSTB | I55: 28.16 | J55: 70 | K55: 31 | L55: =J55-K55 -> 39
B56: BANKBARODA | C56: 27.35 | D56: 73 | E56: 34 | F56: =D56-E56 -> 39 | H56: BANKBARODA | I56: -626.6 | J56: 68 | K56: 27 | L56: =J56-K56 -> 41
B57: UNIONBANK | C57: 2093.43 | D57: 72 | E57: 40 | F57: =D57-E57 -> 32 | H57: UNIONBANK | I57: -701.78 | J57: 72 | K57: 34 | L57: =J57-K57 -> 38
B58: FEDERAL BANK | C58: 26.39 | D58: 64 | E58: 32 | F58: =D58-E58 -> 32 | H58: FEDERAL BANK | I58: 5.24 | J58: 71 | K58: 27 | L58: =J58-K58 -> 44
D59: =SUM(D48:D58) -> 745 | E59: =SUM(E48:E58) -> 356 | F59: =SUM(F48:F58) -> 389 | J59: =SUM(J48:J58) -> 725 | K59: =SUM(K48:K58) -> 347 | L59: =SUM(L48:L58) -> 378
C60: Total of Buy | D60: =D59+D45+D31+D17 -> 2930 | E60: =E59+E45+E31+E17 -> 1374 | F60: =F59+F45+F31+F17 -> 1556 | I60: Total of Sell | J60: =J59+J45+J31+J17 -> 2885 | K60: =K59+K45+K31+K17 -> 1434 | L60: =L59+L45+L31+L17 -> 1451
C61: Total | D61: =D60+J60 -> 5815 | E61: =E60+K60 -> 2808 | F61: =F60+L60 -> 3007
C62: P of Win | D62: =E61/D61 -> 0.48288908
C63: P of Loss | D63: =1-D62 -> 0.51711092

Sheet CP
B2: PRIVATE BANKS
B4: BUY | H4: SELL
B5: Q1 | H5: Q1
B6: SYMBOL | C6: BACKTEST P&L | D6: TOTAL NUMBER OF TRADES | E6: NUMBER OF WINS | F6: NUMBER OF LOSSES | H6: SYMBOL | I6: BACKTEST P&L | J6: TOTAL NUMBER OF TRADES | K6: NUMBER OF WINS | L6: NUMBER OF LOSSES
B7: HDFC BANK | C7: 2.19 | D7: 37 | E7: 37 | F7: =D7-E7 -> 0 | H7: HDFC BANK | I7: -201.65 | J7: 29 | K7: 13 | L7: =J7-K7 -> 16
B8: AXIS BANK | C8: 3.63 | D8: 54 | E8: 54 | F8: =D8-E8 -> 0 | H8: AXIS BANK | I8: 509.24 | J8: 34 | K8: 18 | L8: =J8-K8 -> 16
B9: KOTAKBANK | C9: 6.91 | D9: 42 | E9: 42 | F9: =D9-E9 -> 0 | H9: KOTAKBANK | I9: 581.94 | J9: 30 | K9: 17 | L9: 13
B10: YES BANK | C10: 91.4 | D10: 38 | E10: 24 | F10: =D10-E10 -> 14 | H10: YES BANK | I10: -401.11 | J10: 28 | K10: 13 | L10: =J10-K10 -> 15
B11: AUB BANK | C11: 6.18 | D11: 55 | E11: 55 | F11: =D11-E11 -> 0 | H11: AUB BANK | I11: -2912.2 | J11: 39 | K11: 10 | L11: =J11-K11 -> 29
B12: INDUSINDBK | C12: 5.45 | D12: 46 | E12: 46 | F12: =D12-E12 -> 0 | H12: INDUSINDBK | I12: -1234.9 | J12: 38 | K12: 16 | L12: =J12-K12 -> 22
B13: ICICI BANK | C13: 7.27 | D13: 54 | E13: 54 | F13: =D13-E13 -> 0 | H13: ICICI BANK | I13: -323.95 | J13: 34 | K13: 13 | L13: =J13-K13 -> 21
B14: IDFCFIRSTB | C14: 5.7 | D14: 41 | E14: 28 | F14: =D14-E14 -> 13 | H14: IDFCFIRSTB | I14: -623.48 | J14: 32 | K14: 13 | L14: =J14-K14 -> 19
B15: BANKBARODA | C15: -6.92 | D15: 46 | E15: 26 | F15: =D15-E15 -> 20 | H15: BANKBARODA | I15: -683.54 | J15: 37 | K15: 14 | L15: 23
B16: UNIONBANK | C16: 6.11 | D16: 52 | E16: 31 | F16: =D16-E16 -> 21 | H16: UNIONBANK | I16: 150.87 | J16: 36 | K16: 14 | L16: =J16-K16 -> 22
B17: FEDERAL BANK | C17: -16.26 | D17: 47 | E17: 27 | F17: =D17-E17 -> 20 | H17: FEDERAL BANK | I17: -997.82 | J17: 39 | K17: 15 | L17: =J17-K17 -> 24
D18: =SUM(D7:D17) -> 512 | E18: =SUM(E7:E17) -> 424 | F18: =SUM(F7:F17) -> 88 | J18: =SUM(J7:J17) -> 376 | K18: =SUM(K7:K17) -> 156 | L18: =SUM(L7:L17) -> 220
B19: Q2 | H19: Q2
B20: SYMBOL | C20: BACKTEST P&L | D20: TOTAL NUMBER OF TRADES | E20: NUMBER OF WINS | F20: NUMBER OF LOSSES | H20: SYMBOL | I20: BACKTEST P&L | J20: TOTAL NUMBER OF TRADES | K20: NUMBER OF WINS | L20: NUMBER OF LOSSES
B21: HDFC BANK | C21: -53.64 | D21: 32 | E21: 14 | F21: =D21-E21 -> 18 | H21: HDFC BANK | I21: 548.09 | J21: 29 | K21: 19 | L21: 9
B22: AXIS BANK | C22: -1033.95 | D22: 38 | E22: 16 | F22: =D22-E22 -> 22 | H22: AXIS BANK | I22: 62.7 | J22: 37 | K22: 21 | L22: =J22-K22 -> 16
B23: KOTAKBANK | C23: -717.09 | D23: 38 | E23: 14 | F23: =D23-E23 -> 24 | H23: KOTAKBANK | I23: 956.04 | J23: 32 | K23: 17 | L23: =J23-K23 -> 15
B24: YES BANK | C24: -1691.91 | D24: 32 | E24: 11 | F24: =D24-E24 -> 21 | H24: YES BANK | I24: 2010.34 | J24: 30 | K24: 19 | L24: =J24-K24 -> 11
B25: AUB BANK | C25: 17.5 | D25: 38 | E25: 18 | F25: =D25-E25 -> 20 | H25: AUB BANK | I25: 1105.94 | J25: 34 | K25: 17 | L25: =J25-K25 -> 17
B26: INDUSINDBK | C26: -1752.39 | D26: 38 | E26: 11 | F26: =D26-E26 -> 27 | H26: INDUSINDBK | I26: 2299.19 | J26: 41 | K26: 24 | L26: 17
B27: ICICI BANK | C27: -984.84 | D27: 34 | E27: 23 | F27: =D27-E27 -> 11 | H27: ICICI BANK | I27: 713.14 | J27: 35 | K27: 22 | L27: =J27-K27 -> 13
B28: IDFCFIRSTB | C28: -1249.8 | D28: 37 | E28: 14 | F28: =D28-E28 -> 23 | H28: IDFCFIRSTB | I28: 2792.28 | J28: 33 | K28: 23 | L28: =J28-K28 -> 10
B29: BANKBARODA | C29: 155.54 | D29: 33 | E29: 15 | F29: =D29-E29 -> 18 | H29: BANKBARODA | I29: 276.54 | J29: 33 | K29: 17 | L29: =J29-K29 -> 16
B30: UNIONBANK | C30: -1119.64 | D30: 42 | E30: 16 | F30: =D30-E30 -> 26 | H30: UNIONBANK | I30: -372.12 | J30: 42 | K30: 19 | L30: =J30-K30 -> 23
B31: FEDERAL BANK | C31: -1856.52 | D31: 37 | E31: 10 | F31: =D31-E31 -> 27 | H31: FEDERAL BANK | I31: 1252.45 | J31: 36 | K31: 21 | L31: =J31-K31 -> 15
D32: =SUM(D21:D31) -> 399 | E32: =SUM(E21:E31) -> 162 | F32: =SUM(F21:F31) -> 237 | J32: =SUM(J21:J31) -> 382 | K32: =SUM(K21:K31) -> 219 | L32: =SUM(L21:L31) -> 162
B33: Q3 | H33: Q3
B34: SYMBOL | C34: BACKTEST P&L | D34: TOTAL NUMBER OF TRADES | E34: NUMBER OF WINS | F34: NUMBER OF LOSSES | H34: SYMBOL | I34: BACKTEST P&L | J34: TOTAL NUMBER OF TRADES | K34: NUMBER OF WINS | L34: NUMBER OF LOSSES
B35: HDFC BANK | C35: -1029.54 | D35: 34 | E35: 18 | F35: =D35-E35 -> 16 | H35: HDFC BANK | I35: -947.3 | J35: 35 | K35: 15 | L35: =J35-K35 -> 20
B36: AXIS BANK | C36: -843.84 | D36: 30 | E36: 15 | F36: =D36-E36 -> 15 | H36: AXIS BANK | I36: 633.95 | J36: 30 | K36: 18 | L36: =J36-K36 -> 12
B37: KOTAKBANK | C37: 246.5 | D37: 31 | E37: 13 | F37: =D37-E37 -> 18 | H37: KOTAKBANK | I37: -597.64 | J37: 30 | K37: 18 | L37: =J37-K37 -> 12
B38: YES BANK | C38: -731.87 | D38: 29 | E38: 12 | F38: =D38-E38 -> 17 | H38: YES BANK | I38: 1295.94 | J38: 29 | K38: 18 | L38: =J38-K38 -> 11
B39: AUB BANK | C39: -799.54 | D39: 40 | E39: 15 | F39: 24 | H39: AUB BANK | I39: -901.5 | J39: 33 | K39: 13 | L39: =J39-K39 -> 20
B40: INDUSINDBK | C40: -380.04 | D40: 40 | E40: 18 | F40: 22 | H40: INDUSINDBK | I40: 97.84 | J40: 37 | K40: 19 | L40: =J40-K40 -> 18
B41: ICICI BANK | C41: 183.1 | D41: 31 | E41: 14 | F41: 16 | H41: ICICI BANK | I41: 112.69 | J41: 30 | K41: 13 | L41: 16
B42: IDFCFIRSTB | C42: 1400.18 | D42: 35 | E42: 21 | F42: 14 | H42: IDFCFIRSTB | I42: 40.26 | J42: 33 | K42: 16 | L42: 17
B43: BANKBARODA | C43: 1059.9 | D43: 40 | E43: 19 | F43: =D43-E43 -> 21 | H43: BANKBARODA | I43: 1711.29 | J43: 36 | K43: 22 | L43: =J43-K43 -> 14
B44: UNIONBANK | C44: 1190.82 | D44: 36 | E44: 18 | F44: 18 | H44: UNIONBANK | I44: -1371.44 | J44: 31 | K44: 18 | L44: 13
B45: FEDERAL BANK | C45: 1872.99 | D45: 32 | E45: 19 | F45: 12 | H45: FEDERAL BANK | I45: -755.76 | J45: 32 | K45: 13 | L45: 19
D46: =SUM(D35:D45) -> 378 | E46: =SUM(E35:E45) -> 182 | F46: =SUM(F35:F45) -> 193 | J46: =SUM(J35:J45) -> 356 | K46: =SUM(K35:K45) -> 183 | L46: =SUM(L35:L45) -> 172
B47: Q4 | H47: Q4
B48: SYMBOL | C48: BACKTEST P&L | D48: TOTAL NUMBER OF TRADES | E48: NUMBER OF WINS | F48: NUMBER OF LOSSES | H48: SYMBOL | I48: BACKTEST P&L | J48: TOTAL NUMBER OF TRADES | K48: NUMBER OF WINS | L48: NUMBER OF LOSSES
B49: HDFC BANK | C49: -1144.39 | D49: 29 | E49: 12 | F49: 17 | H49: HDFC BANK | I49: 2035.69 | J49: 27 | K49: 17 | L49: =J49-K49 -> 10
B50: AXIS BANK | C50: 1257.9 | D50: 27 | E50: 15 | F50: 12 | H50: AXIS BANK | I50: 2011.09 | J50: 26 | K50: 18 | L50: 8
B51: KOTAKBANK | C51: 590.6 | D51: 30 | E51: 16 | F51: 14 | H51: KOTAKBANK | I51: 1086.14 | J51: 28 | K51: 17 | L51: 11
B52: YES BANK | C52: -1790.69 | D52: 25 | E52: 10 | F52: =D52-E52 -> 15 | H52: YES BANK | I52: 1913.06 | J52: 30 | K52: 18 | L52: =J52-K52 -> 12
B53: AUB BANK | C53: 1231.94 | D53: 41 | E53: 14 | F53: 27 | H53: AUB BANK | I53: 1817.39 | J53: 42 | K53: 20 | L53: =J53-K53 -> 22
B54: INDUSINDBK | C54: -450.84 | D54: 36 | E54: 13 | F54: 23 | H54: INDUSINDBK | I54: -830.7 | J54: 36 | K54: 13 | L54: 23
B55: ICICI BANK | C55: 10.8 | D55: 29 | E55: 14 | F55: 15 | H55: ICICI BANK | I55: 1912.89 | J55: 30 | K55: 21 | L55: =J55-K55 -> 9
B56: IDFCFIRSTB | C56: -1292.15 | D56: 35 | E56: 14 | F56: 21 | H56: IDFCFIRSTB | I56: 260.99 | J56: 33 | K56: 15 | L56: 18
B57: BANKBARODA | C57: -766.34 | D57: 33 | E57: 14 | F57: 19 | H57: BANKBARODA | I57: 1303.44 | J57: 31 | K57: 16 | L57: =J57-K57 -> 15
B58: UNIONBANK | C58: 902.53 | D58: 36 | E58: 17 | F58: 19 | H58: UNIONBANK | I58: 376.09 | J58: 43 | K58: 18 | L58: =J58-K58 -> 25
B59: FEDERAL BANK | C59: -1995.04 | D59: 39 | E59: 13 | F59: 26 | H59: FEDERAL BANK | I59: -878.2 | J59: 38 | K59: 14 | L59: 24
D60: =SUM(D49:D59) -> 360 | E60: =SUM(E49:E59) -> 152 | F60: =SUM(F49:F59) -> 208 | J60: =SUM(J49:J59) -> 364 | K60: =SUM(K49:K59) -> 187 | L60: =SUM(L49:L59) -> 177
C61: Total of Buy | D61: =D60+D46+D32+D18 -> 1649 | E61: =E60+E46+E32+E18 -> 920 | F61: =F60+F46+F32+F18 -> 726 | I61: Total of Sell | J61: =J60+J46+J32+J18 -> 1478 | K61: =K60+K46+K32+K18 -> 745 | L61: =L60+L46+L32+L18 -> 731
C62: Total | D62: =D61+J61 -> 3127 | E62: =E61+K61 -> 1665 | F62: =F61+L61 -> 1457
C63: P of Win | D63: =E62/D62 -> 0.53245923
C64: P of Loss | D64: =1-D63 -> 0.46754077

Sheet RESULT
A1: SR. NO. | B1: INDICATOR | C1: Probability of Win | D1: Probability of Loss | E1: Ranking
A2: 1 | B2: RSI | C2: =RSI!D62 -> 0.46507304 | D2: =RSI!D63 -> 0.53492696
A3: 2 | B3: Supertrend | C3: =Supertrend!D62 -> 0.49148308 | D3: =Supertrend!D63 -> 0.50851692
A4: 3 | B4: VWAP | C4: =VWAP!D62 -> 0.44175444 | D4: =VWAP!D63 -> 0.55824556
A5: 4 | B5: MA | C5: =MA!D62 -> 0.6842906 | D5: =MA!D63 -> 0.3157094
A6: 5 | B6: MACD | C6: =MACD!$D$62 -> 0.47766032 | D6: =MACD!$D$63 -> 0.52233968
A7: 6 | B7: S_RSI | C7: =S_RSI!D62 -> 0.46507304 | D7: =S_RSI!D63 -> 0.53492696
A8: 7 | B8: PP | C8: =PP!D62 -> 0.46100731 | D8: =PP!D63 -> 0.53899269
A9: 8 | B9: Boillenger | C9: =Boillenger!D62 -> 0.46713972 | D9: =Boillenger!D63 -> 0.53286028
A10: 9 | B10: Awesome Alligator | C10: ='AWESOME Alligator'!D62 -> 0.48288908 | D10: ='AWESOME Alligator'!D63 -> 0.51711092
A11: 10 | B11: CP | C11: =CP!D63 -> 0.53245923 | D11: =CP!D64 -> 0.46754077
